<?xml version="1.0" encoding="UTF-8"?>
<metadata xml:lang="en"><Esri><CreaDate>20190926</CreaDate><CreaTime>08341300</CreaTime><ArcGISFormat>1.0</ArcGISFormat><SyncOnce>TRUE</SyncOnce><DataProperties><itemProps><itemLocation><linkage Sync="TRUE">file://\\gs.doi.net\DenverCO-g_gecsc\gecsc\ProjectWorkspace\GeoMAC\current_year\perimeter_current_year\incoming\jim\2019_09_26_thurs_1_gacc\ca_walker_20190926_0000_dd83</linkage><protocol Sync="TRUE">Local Area Network</protocol></itemLocation></itemProps><copyHistory><copy source="C:\a1_load\09_26_thurs_1_gacc__wfds\ca_walker_20190926_0000_dd83" dest="\\gs.doi.net\DenverCO-g_gecsc\gecsc\ProjectWorkspace\GeoMAC\current_year\perimeter_current_year\incoming\jim\2019_09_26_thurs_1_gacc\ca_walker_20190926_0000_dd83" date="20190926" time="08341300"></copy></copyHistory></DataProperties></Esri></metadata>
