<?xml version="1.0" encoding="UTF-8"?>
<metadata><idinfo><citation><citeinfo><title>VegBurnSeverity</title><edition>18_1</edition><geoform>vector digital data</geoform></citeinfo></citation><descript><abstract>This polygon feature class represents vegetation burn severity calibrated to the Composite Burn Index (CBI) for selected fires in California.</abstract><purpose>These data were created by the USDA Forest Service fire and fuels monitoring project to support monitoring of wildland fire and fire regimes. These data will allow better understanding of current fire regimes, improve the accuracy of fire perimeter data, and add spatial data on fire severity and complexity.</purpose><supplinf>These data are derived from Landsat Thematic Mapper imagery. The pre-fire and post-fire subscenes were used to create a Relative Differenced Normalized Burn Ratio (RdNBR). The RdNBR is correlated to the variation of burn severity within a fire. The RdNBR data are calibrated with the Composite Burn Index (CBI). The severity ratings provided by the derived products listed below are based on the severity to vegetation. 

For a description of RdNBR see: 

Miller, J.D. and Thode, A.E. (2007). Quantifying burn severity in a heterogeneous landscape with a relative version of the delta Normalized Burn Ratio(dNBR). Remote Sensing of Environment 109(1):66-80. 

For a description of the calibration of RdNBR to severity measures see: 

Miller, J.D., Knapp, E.E., Key, C.H., Skinner, C.N., Isbell, C.J., Creasy, R.M. and Sherlock, J.W. (2009). Calibration and validation of the relative differenced Normalized Burn Ratio (RdNBR) to three measures of fire severity in the Sierra Nevada and Klamath Mountains, California, USA. Remote Sensing of Environment 113(3): 645-656. 

Miller, J.D. and Quayle, B. (2015). Calibration and validation of immediate post-fire satellite derived data to three severity metrics. Fire Ecology 11(2): 12-30.

This database may contain more than one assessment for each fire: initial and/or extended. Initial assessement data can differ from extended assessment data because: 1.) The calibrations used to derive the severity data are based on one year post-fire field data. Calibrations for Initial assessments were derived through regression modeling of satellite reflectance values from imagery collected one year post-fire to imagery acquired immediate post-fire. 2.) Imagery used to make initial assessments are acquired immediately after containment which can be late in the year when sun angles are low due to fire containment dates and therefore fire effects on north facing slopes can be hidden due to topographic shadows caused by low sun angles causing high severity fire effects in these data to be under represented. Low to moderate severity in dense stands on east, west or south aspects may also be under-represented due to a low sun illumination angle. 3.) Imagery used for extended assessments are acquired the year after the fire occurred and can therefore include effects due to resprouting vegetation, delayed mortality of trees, and any management actions that have taken place between the fire containment date and image acquisition date.</supplinf></descript><status><progress>Complete</progress><update>As needed</update></status><spdom><bounding><westbc>-124.225543</westbc><eastbc>-115.83414</eastbc><northbc>42.645173</northbc><southbc>32.546059</southbc></bounding></spdom><keywords><place><placekt>None</placekt><placekey>California</placekey><placekey>Pacific Southwest Region</placekey></place><theme><themekey>fire severity</themekey></theme></keywords><accconst>None</accconst><useconst>There are no restrictions on use, except for reasonable and proper acknowledgement of information sources.</useconst><ptcontac><cntinfo><cntorgp><cntorg>USDA Forest Service, Pacific Southwest Region, Fire and Aviation Mgmt.</cntorg></cntorgp><cntaddr><addrtype>mailing and physical address</addrtype><address>3237 Peacekeeper Way, Suite 101</address><city>McClellan</city><state>CA</state><postal>95652</postal><country>US</country></cntaddr><cntvoice>(916) 640-1000</cntvoice><hours>M-F, 0800-1700</hours><cntpos>GIS Coordinator</cntpos></cntinfo></ptcontac><crossref><citeinfo><origin>USDA Forest Service, Pacific Southwest Region, Fire and Aviation Mgmt.</origin><title>VegBurnSeverity</title><edition>18_1</edition><geoform>vector digital data</geoform></citeinfo></crossref></idinfo><dataqual><logic>Satellite data for initial assessments may have been acquired before final containment. Therefore additional fire effects may have occurred after satellite acquisition date. See metadata for dates of satellite imagery. The user should reconcile dates with fire containment dates before use. Data used for initial assessments may be acquired by more than one satellite due to lack of satellite availability. When Landsat TM data are available intial assessments are based upon the NBR index, otherwise the assessments are based upon NDVI. See the metadata for each fire to determine imagery used in the assessement.</logic><lineage><procstep><procdesc>Version 10_3 includes updates for fires 200-1000 ac in size that occured in the Sierra Nevada during 1984-2009, and extended assessments for 2009 fires for all of Region 5 Forests. Added the VB_ID field to link the perimeters to the severity data records.</procdesc></procstep><procstep><procdesc>Version 11_1 includes updates for fires 2001WHITE_SQF, 2006MAGGIE, 2011LION, 2011COUGAR, 2011MOTOR, 2011RUTH
</procdesc></procstep><procstep><procdesc>Version 11_2 fixed BEST_ASSESS values for 2011 fires. Changed values from NO to YES. The 2011 initial assessments are the only assessements available at this time and therefore are the best available.
</procdesc></procstep><procstep><procdesc>Version 12_1 includes updates to existing and additional new fires:
1985 GORDA_RAT, 1985 SECO, 1985 USF05071985000999, 1989 MOLERA2, 1992 SECO, 1992 USF05071992000032, 2000 PLASKETT2, 2007 HAWKEN, 2010 BAR, 2010 BODFISH, 2010 BUCKHORN, 2010 BULL, 2010 BULLARDS, 2010 CANYON, 2010 CONSTANTIA, 2010 MONO, 2010 MONTE, 2010 PINECREST, 2010 POST, 2010 POZO, 2010 SHEEP, 2010 WOLF_CREEK, 2011 ANNIE, 2011 BUTTERMILK, 2011 HILL, 2011 MAMMOTH, 2011 ONION, 2011 SCORPION, 2011 WILLOWS, 2012 BEAR, 2012 CHIPS, 2012 FLAT, 2012 GEORGE, 2012 MILL, 2012 READING, 2012 SALT_CREEK
</procdesc></procstep><procstep><procdesc>Version 12_2 includes new 2012 fires: Barry Point, Bagley, Ramsey, Stafford, Williams, Goff, North Pass
</procdesc></procstep><procstep><procdesc>Version 13_1 added initial assessments for 5 older fires,  2002 Showers, 2004 Deep, 2004 Sims, 2004 Straylor, 2005 Harding, Set "BEST_ASSESS" to YES for 2004 Deep initial assessment.
</procdesc></procstep><procstep><procdesc>Version 14_1 added initial assessments for 13 2013 fires and 4 older fires: 2010 BRIGGS, 2011 MINT, 2011 BRECKENRIDGE COMPLEX, 2011 COVE, 2013 AMERICAN, 2013 ASPEN, 2013 BUTLER, 2013 CARSTENS, 2013 CORRAL CMPLX, 2013 FISH, 2013 HATHAWAY, 2013 MOUNTAIN, 2013 PANTHER, 2013 POWERHOUSE, 2013 RIM, 2013 SALMON RIVER CMPLX, 2013 SILVER
</procdesc></procstep><procstep><procdesc>Version 14_2: Migrated personal geodatabase to file geodatabase: Masked out lakes in 2012 Reading initial assessment; Added initial assessment for 2000 Storrie; Added extended assessment for 2010 Bar; Added extended assessments for 17 fires on USFS lands in 2012: Bagley, Barry Point, Bear, Chips, Clear, Flat, George, Goff, Mill, Mill, North Pass, Peak, Ramsey, Reading, Salt Creek, Stafford, Williams; Added 113 wildfires greater than 200 acres in four National Parks: Lassen, Yosemite, Sequoia and Kings Canyon
</procdesc></procstep><procstep><procdesc>Version 14_3: Added initial assessments for 2001 Martis, and 14 fires in 2014: Bald, Beaver, Coffee Complex, Day, Eiler, El Portal, Frnech, Happy Camp Complex, King, Little Deer, Log, Nicolls, Soda, White; 
Added extended assessments for 6 fires in 2013: American, Aspen, Carstens, Fish, Rim, Power;
Initial assessments for 2013 Aspen and 2013 Rim were reprocessed to reflect final perimeters</procdesc></procstep><procstep><procdesc>Version 15_1: Added initial assessments for 2013 fires: Chariot, Deer, Falls, Grand, Ridge/Heights, Summit, White, Windy Peak. Initial assessments for 2013 Corral Complex and 2013 Panther were reprocessed to reflect final perimeters. Added extended assessments for 2013 fires: Butler, Corral Complex, Kyburz, Panther, Ridge/Heights, Salmon River Cmplx, Shirley, Windy Peak.</procdesc></procstep><procstep><procdesc>Version 16_1: 
THIS VERSION CONTAINS NEW FIRES AND/OR ASSESSMENTS AT THE REQUEST OF CALFIRE AS WELL AS NEW AND UPDATED USFS AND NPS FIRES 
NEW INITIAL ASSESSMENTS:
1999: CANYON #4, DOE MILL, ELEANOR, FIRE #3, JUNIPER, LECONTE, LOST BEAR, LOWDEN, MUSTY, SOUTH, WOODLAND
2000: CONCOW, GOAT, HAPPY, MORGAN, NORTH FORK
2001: LEONARD, PONDEROSA
2002: CROY, FIELD, PALISADE, WOLF
2003: ANNIE, CANOE, DEVIL, HONEYDEW, KINKAID, MOUNTAIN, TUOLUMNE, OLD/GRANDPRIX/PADUA, WHISKEY, WHITMORE
2004: BLUFF, GATOS, HWY 4 #2, IRONGATE, KINCAID, OLD HWY/MPUD 149, MEADOW WFU, OREGON, PATTISON, RUMSEY, STEVENS
2005: 36, BAILEY, HALLORAN, MILLWOOD, TOVEY, WAPAMA, WILDHORSE
2006: COTTONWOOD, CREEK INCIDENT, ESPERANZA, FROG, JUNCTION, NOBLE, PUSHWALLA, RICO, SAGE, SAWTOOTH COMPLEX, WHISPERING PINES
2007: LICK, LOS FLORES, POWER, TAR, WHITE
2008: BUTCH, CLIFF RIDGE, COWSHED LIGHTNING, CRAIG, HARDY CREEK LIGHTNING, HIDDEN, HUMBOLDT, INDIAN, JACK SMITH, KIRKMAN, LOST PIPE, LOW GAP, LOWER, MIDDLE, MOON, NAVAROO, ORR SERIES, PARADISE, PINE 2, RED MOUNTAIN LIGHTNING, SUGARLOAF, SUMMIT, TRAVIS 1, TWENTY, WILD
2009: BRYSON, COFFIN, GROUSE, HARDEN, LOCKHEED, WILDCAT, YUBA
2010: SLOPE, VERNON, WEST
2011: BAKER, BLACK, CANYON, INDIAN, STAGE
2012: CASCADE, CLEAR, DALE, JAWBONE BRANCH, LAKE, LIKLEY, MILL, PONDEROSA, RIM BRANCH, ROBBERS, RUSH, SIXTEEN COMPLEX, WYE
2013: CLOVER, DELUZ, MCCABE, SWEDES
2014: COLBY, GULCH, WAY
2015: BARKER, BEAR, BLUE, BUCK, BUTTE, CABIN, CASTLE, COON, FROG, GOBBLER, JOHNSON, LAKE, LASSIC, NICKOWITZ, PATTISON, PEAK (SRF), PEAK (SHF), PICKETT, PINE, RAIL, RIVER COMPLEX, ROUND, ROUGH, SADDLE, SHIELL, TASSAJARA, VALLEY, WALKER, WASHINGTON

NEW EXTENDED ASSESSMENTS:
1999: CANYON #4, DOE MILL, FIRE #3, JUNIPER, LOWDEN, MUSTY, SOUTH, WOODLAND
2000: CONCOW, GOAT, HAPPY, MORGAN
2001: LEONARD, PONDEROSA
2002: CROY
2003: ANNIE, CANOE, DEVIL, HONEYDEW, MOUNTAIN, WHITMORE
2004: GATOS, IRONGATE, KINCAID, OLD HWY/MPUD 149, OREGON, RUMSEY, STEVENS
2005: 36, BAILEY
2006: COTTONWOOD, CREEK INCIDENT, ESPERANZA, JUNCTION, NOBLE, PUSHWALLA, SAGE, SAWTOOTH COMPLEX, WHISPERING PINES
2007: LICK, LOS FLORES, POWER, TAR, WHITE
2008: BUTCH, CLIFF RIDGE, COWSHED LIGHTNING, CRAIG, HARDY CREEK LIGHTNING, INDIAN, LOST PIPE, LOW GAP, LOWER, MIDDLE, MOON, NAVAROO, ORR SERIES, PARADISE, PINE 2, RED MOUNTAIN LIGHTNING, SUGARLOAF, SUMMIT, TRAVIS 1
2009: COFFIN, LOCKHEED, YUBA
2012: DALE, JAWBONE BRANCH, PONDEROSA, RIM BRANCH, ROBBERS
2013: SWEDES
2014: CAMPBELL, COURTNEY, DARK HOLE, MEADOW, SHIRLEY

UPDATED:
2003: OLD/GRANDPRIX/PADUA
2004: MEADOW WFU
2006: FROG
2009: GROUSE, HARDEN, WILDCAT
2012: CLEAR, MILL, STAFFORD
2013: CHARIOT, GRAND
2014: SODA</procdesc></procstep><procstep><procdesc>Version 17_1: 

THIS VERSION CONTAINS NEW FIRES AND/OR ASSESSMENTS AT THE REQUEST OF CALFIRE AS WELL AS NEW AND UPDATED USFS AND NPS FIRES 
NEW INITIAL ASSESSMENTS:
2014: LODGE COMPLEX, OREGON GULCH, SAND
2015: CUESTA, HIGHWAY, JERUSALEM, LOWELL, LUMPKIN, NORTH, PARKHILL, ROCKY, SKY, STEELHEAD, WRAGG
2016: BLUECUT, CEDAR, CLARK, ERSKINE, FISH, GAP, JACOBSON, OWENS RIVER, PILOT, PINE, PONY, REY, SACATA, SAND, SOBERANES, SOUP COMPLEX, TRAILHEAD

NEW EXTENDED ASSESSMENTS:
2014: LODGE COMPLEX, OREGON GULCH, SAND
2015: BARKER, BEAR, BIG CREEK, BIG FIVE, BLUE, BUCK, BUTTE, CABIN, CASTLE (SOUTH COMPLEX), COON, CORRINE, CUESTA, FROG, GOBBLER, HIGHWAY, JERUSALEM, JOHNSON (ROUTE COMPLEX), LAKE, LASSIC, LOWELL, LUMPKIN, MIDDLE, NICKOWITZ, PARKHILL, PATTISON (SOUTH COMPLEX), PEAK (SHF), PEAK (SRF), PICKETT, PINE, RAIL, RIVER COMPLEX, ROCKY, ROUGH, SADDLE, SHIELL, SKY, STEELHEAD, TASSAJARA, TENAYA, WASHINGTON, WILLOW, WRAGG

UPDATED:
2015: BUTTE, CASTLE (SOUTH COMPLEX), JOHNSON (ROUTE COMPLEX), PATTISON (SOUTH COMPLEX), ROUGH</procdesc></procstep><procstep><procdesc>Version 18_1: 
NEW INITIAL ASSESSMENTS:
2002: COPPER
2003: PIRU
2016: BOGURT, COLEMAN, HORSESHOE, HOWARD, MARINA, MEADOW, MOKELUMNE, RESERVOIR, SHERPA, TOBIN, TULE, WILLARD
2017: ABNEY, BERRY, BUCK, BUMMERS, BURNEY, BUTTE, CALDWELL, CANYON, CEDAR, CLARK, COVE, CREEK(ANF), CREEK(STF), DETWILER, DOUGLAS, DUTCHMAN, GARDEN, EMPIRE, EUREKA, GRANT, HAYPRESS, HELENA+FORK, HIGHWAY, HOLCOMB, INDIAN, LAKE, LION, MCCORMICK, MINERVA 5, MISSION, OAK, PARKER 2, PIER, PONDEROSA, RAILROAD, RIMROCK, SCHAEFFER, SLINKARD, STEELE, SOUTH FORK, TABLE, THOMAS, UKONOM, WALLOW, WHITTIER, WILLIE

NEW EXTENDED ASSESSMENTS:
2016: BLUECUT, BOGART, CEDAR, CLARK, COLEMAN, CROWN, ERSKINE, FISH, GAP, HIDDEN, HORSESHOE, HOWARD, JACOBSON, LAKES, MEADOW,  MOKELUMNE, RESERVOIR, SLATE, OWENS RIVER, PILOT, PINE, PONY, SAND, SOBERANES, SOUP 2, TRAILHEAD, TULE, WILLARD

UPDATED:
2003: CEDAR

ADDED MISSING DATA:
2001 TAR</procdesc></procstep></lineage></dataqual><spdoinfo><direct>Vector</direct><ptvctinf><esriterm Name="Lookout_1999"><efeatyp Sync="TRUE">Simple</efeatyp><efeageom code="4" Sync="TRUE"></efeageom><esritopo Sync="TRUE">FALSE</esritopo><efeacnt Sync="TRUE">0</efeacnt><spindex Sync="TRUE">FALSE</spindex><linrefer Sync="TRUE">FALSE</linrefer></esriterm></ptvctinf></spdoinfo><spref><horizsys><geodetic><horizdn>D North American 1983</horizdn><ellips>GRS 1980</ellips><semiaxis>6378137.0</semiaxis><denflat>298.257222101</denflat></geodetic></horizsys></spref><eainfo><detailed Name="Lookout_1999" xmlns=""><enttyp><enttypl>VegBurnSeverity</enttypl><enttypt Sync="TRUE">Feature Class</enttypt><enttypc Sync="TRUE">0</enttypc></enttyp><attr><attrlabl Sync="TRUE">FID</attrlabl><attalias Sync="TRUE">FID</attalias><attrtype Sync="TRUE">OID</attrtype><attwidth Sync="TRUE">4</attwidth><atprecis Sync="TRUE">0</atprecis><attscale Sync="TRUE">0</attscale><attrdef Sync="TRUE">Internal feature number.</attrdef><attrdefs Sync="TRUE">Esri</attrdefs><attrdomv><udom Sync="TRUE">Sequential unique whole numbers that are automatically generated.</udom></attrdomv></attr><attr xmlns=""><attrlabl>Shape</attrlabl><attrdef>Feature geometry.</attrdef><attrdefs>ESRI</attrdefs><attrdomv><udom>Coordinates defining the features.</udom></attrdomv><attalias Sync="TRUE">Shape</attalias><attrtype Sync="TRUE">Geometry</attrtype><attwidth Sync="TRUE">0</attwidth><atprecis Sync="TRUE">0</atprecis><attscale Sync="TRUE">0</attscale></attr><attr xmlns=""><attrlabl>VB_ID</attrlabl><attrdef>Unique Id field composed of FIRE_YEAR and abreviated fire name, used to link to veg severity perimeter record</attrdef><attalias Sync="TRUE">VB_ID</attalias><attrtype Sync="TRUE">String</attrtype><attwidth Sync="TRUE">34</attwidth><atprecis Sync="TRUE">0</atprecis><attscale Sync="TRUE">0</attscale></attr></detailed></eainfo><distinfo><distrib><cntinfo><cntorgp><cntorg>USDA Forest Service</cntorg></cntorgp><cntpos>GIS Coordinator</cntpos><hours>M-F, 0800-1700</hours></cntinfo></distrib><distliab>Distribution_Liability This product is reproduced from geospatial information prepared by the U.S. Department of Agriculture, Forest Service. By removing the contents of this package or taking receipt of these files via electronic file transfer methods, you understand that the data stored on this media is in draft condition. Represented features may not be in an accurate geographic location. The Forest Service makes no expressed or implied warranty, including warranty of merchantability and fitness, with respect to the character, function, or capabilities of the data or their appropriateness for any user's purposes. The Forest Service reserves the right to correct, update, modify, or replace this geospatial information without notification.</distliab></distinfo><metainfo><metd>20180215</metd><metc><cntinfo><cntorgp><cntorg>USDA Forest Service, Pacific Southwest Region, Fire and Aviation Management</cntorg></cntorgp><cntpos>GIS Coordinator</cntpos><cntaddr><addrtype>mailing and physical address</addrtype><address>3237 Peacekeeper Way, Suite 101</address><city>McClellan</city><state>California</state><postal>95652</postal><country>USA</country></cntaddr><cntvoice>916-640-1000</cntvoice></cntinfo></metc><metstdn>FGDC Content Standard for Digital Geospatial Metadata</metstdn><metstdv>FGDC-STD-001-1998</metstdv><mettc>local time</mettc></metainfo><dataIdInfo><envirDesc Sync="TRUE"> Version 6.2 (Build 9200) ; Esri ArcGIS 10.6.0.8321</envirDesc><dataLang><languageCode value="eng" Sync="TRUE"/><countryCode value="USA" Sync="TRUE"/></dataLang><idCitation xmlns=""><resTitle Sync="TRUE">Lookout_1999</resTitle><presForm xmlns=""><PresFormCd value="005" Sync="TRUE"/><fgdcGeoform>vector digital data</fgdcGeoform></presForm><resEd>18_1</resEd><date><pubDate>2018-02-15T00:00:00</pubDate><createDate>2018-02-15T00:00:00</createDate><reviseDate>2018-02-15T00:00:00</reviseDate></date></idCitation><spatRpType><SpatRepTypCd value="001" Sync="TRUE"/></spatRpType><dataExt xmlns=""><geoEle xmlns=""><GeoBndBox esriExtentType="search"><exTypeCode Sync="TRUE">1</exTypeCode><westBL Sync="TRUE">-124.375614</westBL><eastBL Sync="TRUE">-114.805687</eastBL><northBL Sync="TRUE">42.645173</northBL><southBL Sync="TRUE">32.514697</southBL></GeoBndBox></geoEle></dataExt><idPurp>These data were created by the USDA Forest Service fire and fuels monitoring project to support monitoring of wildland fire and fire regimes. These data will allow better understanding of current fire regimes, improve the accuracy of fire perimeter data, and add spatial data on fire severity and complexity.</idPurp><idAbs>&lt;DIV STYLE="text-align:Left;"&gt;&lt;DIV&gt;&lt;DIV&gt;&lt;P&gt;&lt;SPAN&gt;This polygon feature class represents vegetation burn severity calibrated to the Composite Burn Index (CBI) for selected fires in California.&lt;/SPAN&gt;&lt;/P&gt;&lt;/DIV&gt;&lt;/DIV&gt;&lt;/DIV&gt;</idAbs><searchKeys><keyword>fire severity</keyword><keyword>burn severity</keyword><keyword>normalized burn ratio (nbr)</keyword></searchKeys><resConst><Consts xmlns=""><useLimit>&lt;DIV STYLE="text-align:Left;"&gt;&lt;DIV&gt;&lt;DIV&gt;&lt;P&gt;&lt;SPAN&gt;There are no restrictions on use, except for reasonable and proper acknowledgement of information sources.&lt;/SPAN&gt;&lt;/P&gt;&lt;/DIV&gt;&lt;/DIV&gt;&lt;/DIV&gt;</useLimit></Consts></resConst><idStatus><ProgCd value="004"/></idStatus><idPoC xmlns=""><rpOrgName>USDA Forest Service, Pacific Southwest Region, Fire and Aviation Mgmt</rpOrgName><rpPosName>GIS Coordinator</rpPosName><role><RoleCd value="007"/></role><rpCntInfo xmlns=""><cntAddress addressType="both"><delPoint>3237 Peacekeeper Way, Suite 101</delPoint><city>McClellan</city><adminArea>CA</adminArea><postCode>95652</postCode><country>UNITED STATES</country></cntAddress><cntPhone><voiceNum tddtty="">916-640-1000</voiceNum></cntPhone><cntHours>M-F, 0800-1700</cntHours></rpCntInfo></idPoC><resMaint xmlns=""><maintFreq><MaintFreqCd value="009"/></maintFreq></resMaint><resConst><LegConsts xmlns=""><useLimit>Distribution_Liability This product is reproduced from geospatial information prepared by the U.S. Department of Agriculture, Forest Service. By removing the contents of this package or taking receipt of these files via electronic file transfer methods, you understand that the data stored on this media is in draft condition. Represented features may not be in an accurate geographic location. The Forest Service makes no expressed or implied warranty, including warranty of merchantability and fitness, with respect to the character, function, or capabilities of the data or their appropriateness for any user's purposes. The Forest Service reserves the right to correct, update, modify, or replace this geospatial information without notification.</useLimit></LegConsts></resConst><themeKeys xmlns=""><keyword>fire severity</keyword></themeKeys><placeKeys xmlns=""><keyword>California, USDA Forest Service, Pacific Southwest Region</keyword></placeKeys><dataChar><CharSetCd value="004"/></dataChar><suppInfo>These data are derived from Landsat Thematic Mapper imagery. The pre-fire and post-fire subscenes were used to create a Relative Differenced Normalized Burn Ratio (RdNBR). The RdNBR is correlated to the variation of burn severity within a fire. The RdNBR data are calibrated with the Composite Burn Index (CBI). The severity ratings provided by the derived products listed below are based on the severity to vegetation. 

For a description of RdNBR see: 

Miller, J.D. and Thode, A.E. (2007). Quantifying burn severity in a heterogeneous landscape with a relative version of the delta Normalized Burn Ratio(dNBR). Remote Sensing of Environment 109(1):66-80. 

For a description of the calibration of RdNBR to severity measures see: 

Miller, J.D., Knapp, E.E., Key, C.H., Skinner, C.N., Isbell, C.J., Creasy, R.M. and Sherlock, J.W. (2009). Calibration and validation of the relative differenced Normalized Burn Ratio (RdNBR) to three measures of fire severity in the Sierra Nevada and Klamath Mountains, California, USA. Remote Sensing of Environment 113(3): 645-656. 

Miller, J.D. and Quayle, B. (2015). Calibration and validation of immediate post-fire satellite derived data to three severity metrics. Fire Ecology 11(2): 12-30.

This database may contain more than one assessment for each fire: initial and/or extended. Initial assessement data can differ from extended assessment data because: 1.) The calibrations used to derive the severity data are based on one year post-fire field data. Calibrations for Initial assessments were derived through regression modeling of satellite reflectance values from imagery collected one year post-fire to imagery acquired immediate post-fire. 2.) Imagery used to make initial assessments are acquired immediately after containment which can be late in the year when sun angles are low due to fire containment dates and therefore fire effects on north facing slopes can be hidden due to topographic shadows caused by low sun angles causing high severity fire effects in these data to be under represented. Low to moderate severity in dense stands on east, west or south aspects may also be under-represented due to a low sun illumination angle. 3.) Imagery used for extended assessments are acquired the year after the fire occurred and can therefore include effects due to resprouting vegetation, delayed mortality of trees, and any management actions that have taken place between the fire containment date and image acquisition date.</suppInfo></dataIdInfo><mdLang><languageCode value="eng" Sync="TRUE"/><countryCode value="USA" Sync="TRUE"/></mdLang><Esri><DataProperties><itemProps><itemName Sync="TRUE">Lookout_1999</itemName><imsContentType Sync="TRUE" export="False">002</imsContentType><nativeExtBox><westBL Sync="TRUE">-360185.999978</westBL><eastBL Sync="TRUE">427702.999987</eastBL><southBL Sync="TRUE">-600512.999742</southBL><northBL Sync="TRUE">513916.999949</northBL><exTypeCode Sync="TRUE">1</exTypeCode></nativeExtBox><itemLocation><linkage Sync="TRUE">file://\\MSI\D$\Documents\Works\Consulting\SIG\Fire Vegetation Recovery\Data\Fire Name Export Dissolve\Lookout_1999.shp</linkage><protocol Sync="TRUE">Local Area Network</protocol></itemLocation><itemSize Sync="TRUE">0.000</itemSize></itemProps><coordRef><type Sync="TRUE">Geographic</type><geogcsn Sync="TRUE">GCS_WGS_1984</geogcsn><csUnits Sync="TRUE">Angular Unit: Degree (0.017453)</csUnits><peXml Sync="TRUE">&lt;GeographicCoordinateSystem xsi:type='typens:GeographicCoordinateSystem' xmlns:xsi='http://www.w3.org/2001/XMLSchema-instance' xmlns:xs='http://www.w3.org/2001/XMLSchema' xmlns:typens='http://www.esri.com/schemas/ArcGIS/10.6'&gt;&lt;WKT&gt;GEOGCS[&amp;quot;GCS_WGS_1984&amp;quot;,DATUM[&amp;quot;D_WGS_1984&amp;quot;,SPHEROID[&amp;quot;WGS_1984&amp;quot;,6378137.0,298.257223563]],PRIMEM[&amp;quot;Greenwich&amp;quot;,0.0],UNIT[&amp;quot;Degree&amp;quot;,0.0174532925199433],AUTHORITY[&amp;quot;EPSG&amp;quot;,4326]]&lt;/WKT&gt;&lt;XOrigin&gt;-400&lt;/XOrigin&gt;&lt;YOrigin&gt;-400&lt;/YOrigin&gt;&lt;XYScale&gt;11258999068426.238&lt;/XYScale&gt;&lt;ZOrigin&gt;-100000&lt;/ZOrigin&gt;&lt;ZScale&gt;10000&lt;/ZScale&gt;&lt;MOrigin&gt;-100000&lt;/MOrigin&gt;&lt;MScale&gt;10000&lt;/MScale&gt;&lt;XYTolerance&gt;8.983152841195215e-09&lt;/XYTolerance&gt;&lt;ZTolerance&gt;0.001&lt;/ZTolerance&gt;&lt;MTolerance&gt;0.001&lt;/MTolerance&gt;&lt;HighPrecision&gt;true&lt;/HighPrecision&gt;&lt;LeftLongitude&gt;-180&lt;/LeftLongitude&gt;&lt;WKID&gt;4326&lt;/WKID&gt;&lt;LatestWKID&gt;4326&lt;/LatestWKID&gt;&lt;/GeographicCoordinateSystem&gt;</peXml></coordRef><lineage><Process ToolSource="c:\program files\arcgis\desktop10.0\ArcToolbox\Toolboxes\Data Management Tools.tbx\Append" Date="20120904" Time="124438" Name="" export="">Append D:\fires\archive\outWorkspace.gdb\zz_annie_a_11cbi;D:\fires\archive\outWorkspace.gdb\zz_bar_a_10cbi;D:\fires\archive\outWorkspace.gdb\zz_bodfish_a_10cbi;D:\fires\archive\outWorkspace.gdb\zz_buckhorn_b_10cbi;D:\fires\archive\outWorkspace.gdb\zz_bullards_a_10cbi;D:\fires\archive\outWorkspace.gdb\zz_bullards_b_10cbi;D:\fires\archive\outWorkspace.gdb\zz_buttermilk_a_11cbi;D:\fires\archive\outWorkspace.gdb\zz_canyon_a_10cbi;D:\fires\archive\outWorkspace.gdb\zz_canyon_b_10cbi;D:\fires\archive\outWorkspace.gdb\zz_constantia_a_10cbi;D:\fires\archive\outWorkspace.gdb\zz_gorda_rat_a_85cbi;D:\fires\archive\outWorkspace.gdb\zz_gorda_rat_b_85cbi;D:\fires\archive\outWorkspace.gdb\zz_hawken_a_07cbi;D:\fires\archive\outWorkspace.gdb\zz_hill_a_11cbi;D:\fires\archive\outWorkspace.gdb\zz_mammoth_a_11cbi;D:\fires\archive\outWorkspace.gdb\zz_molera2_b_89cbi;D:\fires\archive\outWorkspace.gdb\zz_mono_a_10cbi;D:\fires\archive\outWorkspace.gdb\zz_monte_a_10cbi;D:\fires\archive\outWorkspace.gdb\zz_onion_a_11cbi;D:\fires\archive\outWorkspace.gdb\zz_pinecrest_b_10cbi;D:\fires\archive\outWorkspace.gdb\zz_plaskett2_b_00cbi;D:\fires\archive\outWorkspace.gdb\zz_post_a_10cbi;D:\fires\archive\outWorkspace.gdb\zz_pozo_a_10cbi;D:\fires\archive\outWorkspace.gdb\zz_scorpion_a_11cbi;D:\fires\archive\outWorkspace.gdb\zz_seco_a_85cbi;D:\fires\archive\outWorkspace.gdb\zz_seco_b_92cbi;D:\fires\archive\outWorkspace.gdb\zz_sheep_a_10cbi;D:\fires\archive\outWorkspace.gdb\zz_sheep_b_10cbi;D:\fires\archive\outWorkspace.gdb\zz_usf05071985000999_a_85cbi;D:\fires\archive\outWorkspace.gdb\zz_usf05071985000999_b_85cbi;D:\fires\archive\outWorkspace.gdb\zz_usf05071992000032_a_92cbi;D:\fires\archive\outWorkspace.gdb\zz_usf05071992000032_b_92cbi;D:\fires\archive\outWorkspace.gdb\zz_willows_a_11cbi;D:\fires\archive\outWorkspace.gdb\zz_wolf_creek_b_10cbi D:\arcws\vegseverity\VegBurnSeverity12_1.mdb\VegBurnSeverity TEST # #</Process><Process ToolSource="c:\program files\arcgis\desktop10.0\ArcToolbox\Toolboxes\Data Management Tools.tbx\Append" Date="20120904" Time="132542" Name="" export="">Append D:\fires\archive\outWorkspace.gdb\zz_annie_a_11cbi;D:\fires\archive\outWorkspace.gdb\zz_bar_a_10cbi;D:\fires\archive\outWorkspace.gdb\zz_bodfish_a_10cbi;D:\fires\archive\outWorkspace.gdb\zz_buckhorn_b_10cbi;D:\fires\archive\outWorkspace.gdb\zz_bullards_a_10cbi;D:\fires\archive\outWorkspace.gdb\zz_bullards_b_10cbi;D:\fires\archive\outWorkspace.gdb\zz_buttermilk_a_11cbi;D:\fires\archive\outWorkspace.gdb\zz_canyon_a_10cbi;D:\fires\archive\outWorkspace.gdb\zz_canyon_b_10cbi;D:\fires\archive\outWorkspace.gdb\zz_constantia_a_10cbi;D:\fires\archive\outWorkspace.gdb\zz_gorda_rat_a_85cbi;D:\fires\archive\outWorkspace.gdb\zz_gorda_rat_b_85cbi;D:\fires\archive\outWorkspace.gdb\zz_hawken_a_07cbi;D:\fires\archive\outWorkspace.gdb\zz_hill_a_11cbi;D:\fires\archive\outWorkspace.gdb\zz_mammoth_a_11cbi;D:\fires\archive\outWorkspace.gdb\zz_molera2_b_89cbi;D:\fires\archive\outWorkspace.gdb\zz_mono_a_10cbi;D:\fires\archive\outWorkspace.gdb\zz_monte_a_10cbi;D:\fires\archive\outWorkspace.gdb\zz_onion_a_11cbi;D:\fires\archive\outWorkspace.gdb\zz_pinecrest_b_10cbi;D:\fires\archive\outWorkspace.gdb\zz_plaskett2_b_00cbi;D:\fires\archive\outWorkspace.gdb\zz_post_a_10cbi;D:\fires\archive\outWorkspace.gdb\zz_pozo_a_10cbi;D:\fires\archive\outWorkspace.gdb\zz_scorpion_a_11cbi;D:\fires\archive\outWorkspace.gdb\zz_seco_a_85cbi;D:\fires\archive\outWorkspace.gdb\zz_seco_b_92cbi;D:\fires\archive\outWorkspace.gdb\zz_sheep_a_10cbi;D:\fires\archive\outWorkspace.gdb\zz_sheep_b_10cbi;D:\fires\archive\outWorkspace.gdb\zz_usf05071985000999_a_85cbi;D:\fires\archive\outWorkspace.gdb\zz_usf05071985000999_b_85cbi;D:\fires\archive\outWorkspace.gdb\zz_usf05071992000032_a_92cbi;D:\fires\archive\outWorkspace.gdb\zz_usf05071992000032_b_92cbi;D:\fires\archive\outWorkspace.gdb\zz_willows_a_11cbi;D:\fires\archive\outWorkspace.gdb\zz_wolf_creek_b_10cbi D:\arcws\vegseverity\VegBurnSeverity12_1.mdb\VegBurnSeverity TEST # #</Process><Process ToolSource="C:\Program Files\ArcGIS\Desktop10.0\ArcToolbox\Toolboxes\Data Management Tools.tbx\CalculateField" Date="20120905" Time="094424" Name="" export="">CalculateField "VegBurnSeverity 12_1" BEST_ASSESS "YES" VB #</Process><Process ToolSource="C:\Program Files\ArcGIS\Desktop10.0\ArcToolbox\Toolboxes\Data Management Tools.tbx\CalculateField" Date="20120905" Time="095028" Name="" export="">CalculateField "VegBurnSeverity 12_1" BEST_ASSESS "YES" VB #</Process><Process ToolSource="c:\program files\arcgis\desktop10.0\ArcToolbox\Toolboxes\Data Management Tools.tbx\Append" Date="20120905" Time="105026" Name="" export="">Append D:\fires\archive\outWorkspace.gdb\zz_bull_b_10cbi D:\arcws\vegseverity\VegBurnSeverity12_1.mdb\VegBurnSeverity TEST # #</Process><Process ToolSource="c:\program files\arcgis\desktop10.0\ArcToolbox\Toolboxes\Data Management Tools.tbx\Append" Date="20120905" Time="144549" Name="" export="">Append D:\fires\archive\outWorkspace.gdb\zz_blue_a_01cbi;D:\fires\archive\outWorkspace.gdb\zz_cone_a_02cbi;D:\fires\archive\outWorkspace.gdb\zz_mcnally_a_02cbi;D:\fires\archive\outWorkspace.gdb\zz_stream_a_01cbi D:\arcws\vegseverity\VegBurnSeverity12_1.mdb\VegBurnSeverity TEST # #</Process><Process ToolSource="c:\program files\arcgis\desktop10.0\ArcToolbox\Toolboxes\Data Management Tools.tbx\Append" Date="20120914" Time="085951" Name="" export="">Append D:\fires\archive\outWorkspace.gdb\zz_chips_a_12cbi;D:\fires\archive\outWorkspace.gdb\zz_flat_a_12cbi;D:\fires\archive\outWorkspace.gdb\zz_george_a_12cbi;D:\fires\archive\outWorkspace.gdb\zz_mill_a_12cbi;D:\fires\archive\outWorkspace.gdb\zz_reading_a_12cbi D:\arcws\vegseverity\VegBurnSeverity12_1.mdb\VegBurnSeverity TEST # #</Process><Process ToolSource="C:\Program Files\ArcGIS\Desktop10.0\ArcToolbox\Toolboxes\Data Management Tools.tbx\CalculateField" Date="20120914" Time="094756" Name="" export="">CalculateField "VegBurnSeverity 12_1" BEST_ASSESS "YES" VB #</Process><Process ToolSource="c:\program files\arcgis\desktop10.0\ArcToolbox\Toolboxes\Data Management Tools.tbx\Append" Date="20121031" Time="110227" Name="" export="">Append D:\fires\archive\outWorkspace.gdb\zz_bear_a_12cbi;D:\fires\archive\outWorkspace.gdb\zz_reading_a_12cbi;D:\fires\archive\outWorkspace.gdb\zz_salt_creek_a_12cbi "VegBurnSeverity 12_1" TEST # #</Process><Process ToolSource="C:\Program Files\ArcGIS\Desktop10.0\ArcToolbox\Toolboxes\Data Management Tools.tbx\CalculateField" Date="20121031" Time="110402" Name="" export="">CalculateField "VegBurnSeverity 12_1" BEST_ASSESS "YES" VB #</Process><Process ToolSource="c:\program files\arcgis\desktop10.0\ArcToolbox\Toolboxes\Data Management Tools.tbx\Append" Date="20121109" Time="101416" Name="" export="">Append D:\fires\archive\outWorkspace.gdb\zz_barry_point_a_12cbi "VegBurnSeverity 12_2" TEST # #</Process><Process ToolSource="c:\program files\arcgis\desktop10.0\ArcToolbox\Toolboxes\Data Management Tools.tbx\Append" Date="20121114" Time="094346" Name="" export="">Append D:\fires\archive\outWorkspace.gdb\zz_bagley_a_12cbi;D:\fires\archive\outWorkspace.gdb\zz_ramsey_a_12cbi;D:\fires\archive\outWorkspace.gdb\zz_stafford_a_12cbi;D:\fires\archive\outWorkspace.gdb\zz_williams_a_12cbi "VegBurnSeverity 12_2" TEST # #</Process><Process ToolSource="c:\program files\arcgis\desktop10.0\ArcToolbox\Toolboxes\Data Management Tools.tbx\Append" Date="20130325" Time="101022" Name="" export="">Append D:\fires\archive\outWorkspace.gdb\zz_deep_a_04cbi;D:\fires\archive\outWorkspace.gdb\zz_harding_a_05cbi;D:\fires\archive\outWorkspace.gdb\zz_showers_a_02cbi;D:\fires\archive\outWorkspace.gdb\zz_sims_a_04cbi;D:\fires\archive\outWorkspace.gdb\zz_straylor_a_04cbi "VegBurnSeverity 13_1" TEST # #</Process><Process ToolSource="C:\Program Files\ArcGIS\Desktop10.0\ArcToolbox\Toolboxes\Data Management Tools.tbx\CalculateField" Date="20130325" Time="103551" Name="" export="">CalculateField "VegBurnSeverity 13_1" BEST_ASSESS "NO" VB #</Process><Process ToolSource="c:\program files (x86)\arcgis\desktop10.1\ArcToolbox\Toolboxes\Data Management Tools.tbx\Append" Date="20140122" Time="091514" Name="" export="">Append D:\fires\archive\outWorkspace.gdb\zz_american_a_13cbi;D:\fires\archive\outWorkspace.gdb\zz_aspen_a_13cbi;D:\fires\archive\outWorkspace.gdb\zz_breckenridge_cmplx_a_11cbi;D:\fires\archive\outWorkspace.gdb\zz_briggs_a_10cbi;D:\fires\archive\outWorkspace.gdb\zz_carstens_a_13cbi;D:\fires\archive\outWorkspace.gdb\zz_corral_cmplx_a_13cbi;D:\fires\archive\outWorkspace.gdb\zz_cove_a_11cbi;D:\fires\archive\outWorkspace.gdb\zz_fish_a_13cbi;D:\fires\archive\outWorkspace.gdb\zz_hathaway_a_13cbi;D:\fires\archive\outWorkspace.gdb\zz_mint_a_11cbi;D:\fires\archive\outWorkspace.gdb\zz_mountain_a_13cbi;D:\fires\archive\outWorkspace.gdb\zz_panther_a_13cbi;D:\fires\archive\outWorkspace.gdb\zz_powerhouse_a_13cbi;D:\fires\archive\outWorkspace.gdb\zz_rim_a_13cbi;D:\fires\archive\outWorkspace.gdb\zz_salmon_river_cmplx_a_13cbi;D:\fires\archive\outWorkspace.gdb\zz_silver_a_13cbi "VegBurnSeverity 14_1" TEST # #</Process><Process ToolSource="c:\program files (x86)\arcgis\desktop10.1\ArcToolbox\Toolboxes\Data Management Tools.tbx\CalculateField" Date="20140122" Time="091715" Name="" export="">CalculateField "VegBurnSeverity 14_1" BEST_ASSESS "YES" VB #</Process><Process ToolSource="c:\program files (x86)\arcgis\desktop10.1\ArcToolbox\Toolboxes\Data Management Tools.tbx\Append" Date="20140122" Time="144933" Name="" export="">Append D:\fires\archive\outWorkspace.gdb\zz_butler_a_13cbi "VegBurnSeverity 14_1" TEST # #</Process><Process ToolSource="c:\program files (x86)\arcgis\desktop10.1\ArcToolbox\Toolboxes\Data Management Tools.tbx\CalculateField" Date="20140122" Time="145025" Name="" export="">CalculateField "VegBurnSeverity 14_1" BEST_ASSESS "YES" VB #</Process><Process ToolSource="c:\program files (x86)\arcgis\desktop10.1\ArcToolbox\Toolboxes\Conversion Tools.tbx\FeatureClassToFeatureClass" Date="20140626" Time="103147" Name="" export="">FeatureClassToFeatureClass "VegBurnSeverity 14_1  initial" D:\arcws\vegseverity\VegBurnSeverity14_2.gdb VegBurnSeverity # "BURNSEV "BURNSEV" true true false 2 Short 0 0 ,First,#,D:\arcws\vegseverity\VegBurnSeverity14_1.mdb\VegBurnSeverity,BURNSEV,-1,-1;ASSESS_TYPE "ASSESS_TYPE" true true false 1 Text 0 0 ,First,#,D:\arcws\vegseverity\VegBurnSeverity14_1.mdb\VegBurnSeverity,ASSESS_TYPE,-1,-1;BEST_ASSESS "BEST_ASSESS" true true false 3 Text 0 0 ,First,#,D:\arcws\vegseverity\VegBurnSeverity14_1.mdb\VegBurnSeverity,BEST_ASSESS,-1,-1;FIRE_YEAR "FIRE_YEAR" true true false 4 Text 0 0 ,First,#,D:\arcws\vegseverity\VegBurnSeverity14_1.mdb\VegBurnSeverity,FIRE_YEAR,-1,-1;VB_ID "VB_ID" true true false 34 Text 0 0 ,First,#,D:\arcws\vegseverity\VegBurnSeverity14_1.mdb\VegBurnSeverity,VB_ID,-1,-1;Shape_Length "Shape_Length" false true true 8 Double 0 0 ,First,#,D:\arcws\vegseverity\VegBurnSeverity14_1.mdb\VegBurnSeverity,Shape_Length,-1,-1;Shape_Area "Shape_Area" false true true 8 Double 0 0 ,First,#,D:\arcws\vegseverity\VegBurnSeverity14_1.mdb\VegBurnSeverity,Shape_Area,-1,-1" #</Process><Process ToolSource="c:\program files (x86)\arcgis\desktop10.1\ArcToolbox\Toolboxes\Data Management Tools.tbx\Append" Date="20140627" Time="124833" Name="" export="">Append D:\fires\archive\outWorkspace.gdb\zz_amphitheater_b_97cbi;D:\fires\archive\outWorkspace.gdb\zz_avalanche_a_11cbi;D:\fires\archive\outWorkspace.gdb\zz_avalanche_b_90cbi;D:\fires\archive\outWorkspace.gdb\zz_bagley_b_12cbi;D:\fires\archive\outWorkspace.gdb\zz_bald_a_11cbi;D:\fires\archive\outWorkspace.gdb\zz_baldy_b_86cbi;D:\fires\archive\outWorkspace.gdb\zz_bar_b_10cbi;D:\fires\archive\outWorkspace.gdb\zz_barry_point_b_12cbi;D:\fires\archive\outWorkspace.gdb\zz_bear_b_12cbi;D:\fires\archive\outWorkspace.gdb\zz_big_arroyo_b_96cbi;D:\fires\archive\outWorkspace.gdb\zz_bluff_b_04cbi;D:\fires\archive\outWorkspace.gdb\zz_buck_peak_b_93cbi;D:\fires\archive\outWorkspace.gdb\zz_buckeye_b_88cbi;D:\fires\archive\outWorkspace.gdb\zz_burnt_b_01cbi;D:\fires\archive\outWorkspace.gdb\zz_burnt_b_06cbi;D:\fires\archive\outWorkspace.gdb\zz_camp_creek_b_86cbi;D:\fires\archive\outWorkspace.gdb\zz_cascade_b_12cbi;D:\fires\archive\outWorkspace.gdb\zz_castle_b_95cbi;D:\fires\archive\outWorkspace.gdb\zz_castle_complex_b_96cbi;D:\fires\archive\outWorkspace.gdb\zz_chagoopa_b_92cbi;D:\fires\archive\outWorkspace.gdb\zz_chips_b_12cbi;D:\fires\archive\outWorkspace.gdb\zz_clear_b_12cbi;D:\fires\archive\outWorkspace.gdb\zz_deer_creek_b_91cbi;D:\fires\archive\outWorkspace.gdb\zz_dog_creek_b_87cbi;D:\fires\archive\outWorkspace.gdb\zz_dorst_b_96cbi;D:\fires\archive\outWorkspace.gdb\zz_dougherty_b_85cbi;D:\fires\archive\outWorkspace.gdb\zz_fairfield_b_09cbi;D:\fires\archive\outWorkspace.gdb\zz_flat_b_12cbi;D:\fires\archive\outWorkspace.gdb\zz_george_b_12cbi;D:\fires\archive\outWorkspace.gdb\zz_giant_b_03cbi;D:\fires\archive\outWorkspace.gdb\zz_goff_b_12cbi;D:\fires\archive\outWorkspace.gdb\zz_halstead3_b_87cbi;D:\fires\archive\outWorkspace.gdb\zz_hidden_b_08cbi;D:\fires\archive\outWorkspace.gdb\zz_hmrs_nos2_b_03cbi;D:\fires\archive\outWorkspace.gdb\zz_horse_b_09cbi;D:\fires\archive\outWorkspace.gdb\zz_horseshoe_b_05cbi;D:\fires\archive\outWorkspace.gdb\zz_hospital_b_96cbi;D:\fires\archive\outWorkspace.gdb\zz_hot_springs_b_04cbi;D:\fires\archive\outWorkspace.gdb\zz_huffer_b_97cbi;D:\fires\archive\outWorkspace.gdb\zz_kaweah_b_96cbi;D:\fires\archive\outWorkspace.gdb\zz_kern_b_05cbi;D:\fires\archive\outWorkspace.gdb\zz_mill_b_12cbi;D:\fires\archive\outWorkspace.gdb\zz_mill_cdf_b_12cbi;D:\fires\archive\outWorkspace.gdb\zz_north_pass_b_12cbi;D:\fires\archive\outWorkspace.gdb\zz_palisade_b_02cbi;D:\fires\archive\outWorkspace.gdb\zz_paradise2_b_03cbi;D:\fires\archive\outWorkspace.gdb\zz_peak_b_12cbi;D:\fires\archive\outWorkspace.gdb\zz_ramsey_b_12cbi;D:\fires\archive\outWorkspace.gdb\zz_rattlesnake_b_92cbi;D:\fires\archive\outWorkspace.gdb\zz_reading_a_12cbi;D:\fires\archive\outWorkspace.gdb\zz_reading_b_12cbi;D:\fires\archive\outWorkspace.gdb\zz_roaring_ridge_b_06cbi;D:\fires\archive\outWorkspace.gdb\zz_salt_creek_b_12cbi;D:\fires\archive\outWorkspace.gdb\zz_simpson_b_88cbi;D:\fires\archive\outWorkspace.gdb\zz_slope_b_10cbi;D:\fires\archive\outWorkspace.gdb\zz_snag_cmplx_b_87cbi;D:\fires\archive\outWorkspace.gdb\zz_stafford_b_12cbi;D:\fires\archive\outWorkspace.gdb\zz_storrie_a_00cbi;D:\fires\archive\outWorkspace.gdb\zz_sugarloaf_b_85cbi;D:\fires\archive\outWorkspace.gdb\zz_sugarloaf_b_97cbi;D:\fires\archive\outWorkspace.gdb\zz_tamarack_a_11cbi;D:\fires\archive\outWorkspace.gdb\zz_tombstone_b_88cbi;D:\fires\archive\outWorkspace.gdb\zz_vernon_b_10cbi;D:\fires\archive\outWorkspace.gdb\zz_williams_b_12cbi;D:\fires\archive\outWorkspace.gdb\zz_williams_b_99cbi;D:\fires\archive\outWorkspace.gdb\zz_willow_b_93cbi;D:\fires\archive\outWorkspace.gdb\zz_woods_creek_b_12cbi "VegBurnSeverity 14_2" TEST # #</Process><Process ToolSource="c:\program files (x86)\arcgis\desktop10.1\ArcToolbox\Toolboxes\Data Management Tools.tbx\CalculateField" Date="20140630" Time="085842" Name="" export="">CalculateField "VegBurnSeverity 14_2" BEST_ASSESS "YES" VB #</Process><Process ToolSource="c:\program files (x86)\arcgis\desktop10.1\ArcToolbox\Toolboxes\Data Management Tools.tbx\Append" Date="20140707" Time="103208" Name="" export="">Append D:\fires\archive\outWorkspace.gdb\zz_adam_b_96cbi;D:\fires\archive\outWorkspace.gdb\zz_alaska_b_88cbi;D:\fires\archive\outWorkspace.gdb\zz_anita_b_88cbi;D:\fires\archive\outWorkspace.gdb\zz_babcock_b_07cbi;D:\fires\archive\outWorkspace.gdb\zz_bald_b_07cbi;D:\fires\archive\outWorkspace.gdb\zz_bartlett_b_85cbi;D:\fires\archive\outWorkspace.gdb\zz_betty_blake_b_87cbi;D:\fires\archive\outWorkspace.gdb\zz_boundary_b_06cbi;D:\fires\archive\outWorkspace.gdb\zz_buck_b_85cbi;D:\fires\archive\outWorkspace.gdb\zz_campground_b_87cbi;D:\fires\archive\outWorkspace.gdb\zz_cascade_creek_b_86cbi;D:\fires\archive\outWorkspace.gdb\zz_dark_b_99cbi;D:\fires\archive\outWorkspace.gdb\zz_devil_b_07cbi;D:\fires\archive\outWorkspace.gdb\zz_dome_b_92cbi;D:\fires\archive\outWorkspace.gdb\zz_east_leconte_b_88cbi;D:\fires\archive\outWorkspace.gdb\zz_echo_b_88cbi;D:\fires\archive\outWorkspace.gdb\zz_edson_b_88cbi;D:\fires\archive\outWorkspace.gdb\zz_elbow_b_88cbi;D:\fires\archive\outWorkspace.gdb\zz_eleanor_b_86cbi;D:\fires\archive\outWorkspace.gdb\zz_eleanor_b_99cbi;D:\fires\archive\outWorkspace.gdb\zz_frog_b_06cbi;D:\fires\archive\outWorkspace.gdb\zz_frog_b_87cbi;D:\fires\archive\outWorkspace.gdb\zz_frog_b_91cbi;D:\fires\archive\outWorkspace.gdb\zz_frog2_b_90cbi;D:\fires\archive\outWorkspace.gdb\zz_glacier_point_b_86cbi;D:\fires\archive\outWorkspace.gdb\zz_glen_aulin_b_87cbi;D:\fires\archive\outWorkspace.gdb\zz_grouse_b_09cbi;D:\fires\archive\outWorkspace.gdb\zz_harden_b_09cbi;D:\fires\archive\outWorkspace.gdb\zz_hetchy_b_04cbi;D:\fires\archive\outWorkspace.gdb\zz_hoover_b_01cbi;D:\fires\archive\outWorkspace.gdb\zz_horizon_b_88cbi;D:\fires\archive\outWorkspace.gdb\zz_horizon_b_94cbi;D:\fires\archive\outWorkspace.gdb\zz_ill_b_91cbi;D:\fires\archive\outWorkspace.gdb\zz_ill_b_96cbi;D:\fires\archive\outWorkspace.gdb\zz_jack_b_07cbi;D:\fires\archive\outWorkspace.gdb\zz_kendrick_b_85cbi;D:\fires\archive\outWorkspace.gdb\zz_kendrick_b_96cbi;D:\fires\archive\outWorkspace.gdb\zz_king_b_06cbi;D:\fires\archive\outWorkspace.gdb\zz_laurel_b_05cbi;D:\fires\archive\outWorkspace.gdb\zz_laurel_lake2_b_90cbi;D:\fires\archive\outWorkspace.gdb\zz_leconte_b_99cbi;D:\fires\archive\outWorkspace.gdb\zz_lost_bear_b_85cbi;D:\fires\archive\outWorkspace.gdb\zz_lost_bear_b_87cbi;D:\fires\archive\outWorkspace.gdb\zz_lost_bear_b_99cbi;D:\fires\archive\outWorkspace.gdb\zz_lost_valley_b_99cbi;D:\fires\archive\outWorkspace.gdb\zz_meadow_b_04cbi;D:\fires\archive\outWorkspace.gdb\zz_middlet_b_06cbi;D:\fires\archive\outWorkspace.gdb\zz_morrison_b_99cbi;D:\fires\archive\outWorkspace.gdb\zz_ostrander_b_92cbi;D:\fires\archive\outWorkspace.gdb\zz_pate_valley_b_85cbi;D:\fires\archive\outWorkspace.gdb\zz_piute_b_90cbi;D:\fires\archive\outWorkspace.gdb\zz_quartzite_b_88cbi;D:\fires\archive\outWorkspace.gdb\zz_ranch_b_02cbi;D:\fires\archive\outWorkspace.gdb\zz_so_turner_b_95cbi;D:\fires\archive\outWorkspace.gdb\zz_steamboat_b_90cbi;D:\fires\archive\outWorkspace.gdb\zz_t_grove4_b_90cbi;D:\fires\archive\outWorkspace.gdb\zz_tuolumne_b_03cbi;D:\fires\archive\outWorkspace.gdb\zz_vern_b_88cbi;D:\fires\archive\outWorkspace.gdb\zz_w_turner_b_86cbi;D:\fires\archive\outWorkspace.gdb\zz_walker_b_88cbi;D:\fires\archive\outWorkspace.gdb\zz_wapama_b_05cbi;D:\fires\archive\outWorkspace.gdb\zz_whiskey_b_03cbi;D:\fires\archive\outWorkspace.gdb\zz_wildcat_b_09cbi;D:\fires\archive\outWorkspace.gdb\zz_wolf_ynp_b_02cbi;D:\fires\archive\outWorkspace.gdb\zz_ynp_023_b_84cbi "VegBurnSeverity 14_2" TEST # #</Process><Process ToolSource="c:\program files (x86)\arcgis\desktop10.1\ArcToolbox\Toolboxes\Data Management Tools.tbx\CalculateField" Date="20140707" Time="103803" Name="" export="">CalculateField "VegBurnSeverity 14_2" BEST_ASSESS "YES" VB #</Process><Process ToolSource="c:\program files (x86)\arcgis\desktop10.1\ArcToolbox\Toolboxes\Data Management Tools.tbx\Append" Date="20141110" Time="102818" Name="" export="">Append D:\fires\archive\outWorkspace.gdb\zz_american_b_13cbi;D:\fires\archive\outWorkspace.gdb\zz_aspen_b_13cbi;D:\fires\archive\outWorkspace.gdb\zz_bald_a_14cbi;D:\fires\archive\outWorkspace.gdb\zz_beaver_a_14cbi;D:\fires\archive\outWorkspace.gdb\zz_carstens_b_13cbi;D:\fires\archive\outWorkspace.gdb\zz_coffee_cmplx_a_14cbi;D:\fires\archive\outWorkspace.gdb\zz_day_a_14cbi;D:\fires\archive\outWorkspace.gdb\zz_eiler_a_14cbi;D:\fires\archive\outWorkspace.gdb\zz_el_portal_a_14cbi;D:\fires\archive\outWorkspace.gdb\zz_fish_b_13cbi;D:\fires\archive\outWorkspace.gdb\zz_french_a_14cbi;D:\fires\archive\outWorkspace.gdb\zz_happy_camp_cmplx_a_14cbi;D:\fires\archive\outWorkspace.gdb\zz_king_a_14cbi;D:\fires\archive\outWorkspace.gdb\zz_little_deer_a_14cbi;D:\fires\archive\outWorkspace.gdb\zz_log_a_14cbi;D:\fires\archive\outWorkspace.gdb\zz_martis_a_01cbi;D:\fires\archive\outWorkspace.gdb\zz_nicolls_a_14cbi;D:\fires\archive\outWorkspace.gdb\zz_power_b_13cbi;D:\fires\archive\outWorkspace.gdb\zz_rim_b_13cbi;D:\fires\archive\outWorkspace.gdb\zz_soda_a_14cbi;D:\fires\archive\outWorkspace.gdb\zz_whites_a_14cbi D:\arcws\vegseverity\VegBurnSeverity14_3.gdb\VegBurnSeverity TEST # #</Process><Process ToolSource="c:\program files (x86)\arcgis\desktop10.1\ArcToolbox\Toolboxes\Data Management Tools.tbx\Append" Date="20141112" Time="091319" Name="" export="">Append D:\fires\archive\outWorkspace.gdb\zz_aspen_a_13cbi;D:\fires\archive\outWorkspace.gdb\zz_rim_a_13cbi D:\arcws\vegseverity\VegBurnSeverity14_3.gdb\VegBurnSeverity TEST # #</Process><Process ToolSource="c:\program files (x86)\arcgis\desktop10.1\ArcToolbox\Toolboxes\Data Management Tools.tbx\CalculateField" Date="20141112" Time="095926" Name="" export="">CalculateField "VegBurnSeverity 14_3" BEST_ASSESS "YES" VB #</Process><Process ToolSource="c:\program files (x86)\arcgis\desktop10.1\ArcToolbox\Toolboxes\Data Management Tools.tbx\Append" Date="20150421" Time="122806" Name="" export="">Append D:\fires\archive\outWorkspace.gdb\zz_butler_b_13cbi;D:\fires\archive\outWorkspace.gdb\zz_chariot_a_13cbi;D:\fires\archive\outWorkspace.gdb\zz_corral_cmplx_a_13cbi;D:\fires\archive\outWorkspace.gdb\zz_corral_cmplx_b_13cbi;D:\fires\archive\outWorkspace.gdb\zz_deer_a_13cbi;D:\fires\archive\outWorkspace.gdb\zz_falls_a_13cbi;D:\fires\archive\outWorkspace.gdb\zz_grand_a_13cbi;D:\fires\archive\outWorkspace.gdb\zz_kyburz_b_13cbi;D:\fires\archive\outWorkspace.gdb\zz_panther_a_13cbi;D:\fires\archive\outWorkspace.gdb\zz_panther_b_13cbi;D:\fires\archive\outWorkspace.gdb\zz_ridge_heights_a_13cbi;D:\fires\archive\outWorkspace.gdb\zz_ridge_heights_b_13cbi;D:\fires\archive\outWorkspace.gdb\zz_salmon_river_cmplx_b_13cbi;D:\fires\archive\outWorkspace.gdb\zz_shirley_b_13cbi;D:\fires\archive\outWorkspace.gdb\zz_summit_a_13cbi;D:\fires\archive\outWorkspace.gdb\zz_white_a_13cbi;D:\fires\archive\outWorkspace.gdb\zz_windy_peak_a_13cbi;D:\fires\archive\outWorkspace.gdb\zz_windy_peak_b_13cbi "VegBurnSeverity 15_1" TEST # #</Process><Process ToolSource="c:\program files (x86)\arcgis\desktop10.1\ArcToolbox\Toolboxes\Data Management Tools.tbx\Append" Date="20151022" Time="124235" Name="" export="">Append D:\fires\archive\outWorkspace.gdb\zz_annie_a_03cbi;D:\fires\archive\outWorkspace.gdb\zz_annie_b_03cbi;D:\fires\archive\outWorkspace.gdb\zz_bailey_a_05cbi;D:\fires\archive\outWorkspace.gdb\zz_bailey_b_05cbi;D:\fires\archive\outWorkspace.gdb\zz_baker_a_11cbi;D:\fires\archive\outWorkspace.gdb\zz_barker_a_15cbi;D:\fires\archive\outWorkspace.gdb\zz_beaver_b_14cbi;D:\fires\archive\outWorkspace.gdb\zz_black_a_11cbi;D:\fires\archive\outWorkspace.gdb\zz_blue_a_15cbi;D:\fires\archive\outWorkspace.gdb\zz_bluff_a_04cbi;D:\fires\archive\outWorkspace.gdb\zz_bryson_a_09cbi;D:\fires\archive\outWorkspace.gdb\zz_buck_a_15cbi;D:\fires\archive\outWorkspace.gdb\zz_burnt_a_01cbi;D:\fires\archive\outWorkspace.gdb\zz_butch_a_08cbi;D:\fires\archive\outWorkspace.gdb\zz_butch_b_08cbi;D:\fires\archive\outWorkspace.gdb\zz_cabin_a_15cbi;D:\fires\archive\outWorkspace.gdb\zz_campbell_b_14cbi;D:\fires\archive\outWorkspace.gdb\zz_canoe_a_03cbi;D:\fires\archive\outWorkspace.gdb\zz_canoe_b_03cbi;D:\fires\archive\outWorkspace.gdb\zz_canyon_a_11cbi;D:\fires\archive\outWorkspace.gdb\zz_canyon4_a_99cbi;D:\fires\archive\outWorkspace.gdb\zz_canyon4_b_99cbi;D:\fires\archive\outWorkspace.gdb\zz_castle_a_15cbi;D:\fires\archive\outWorkspace.gdb\zz_chariot_a_13cbi;D:\fires\archive\outWorkspace.gdb\zz_clif_ridge_a_08cbi;D:\fires\archive\outWorkspace.gdb\zz_clif_ridge_b_08cbi;D:\fires\archive\outWorkspace.gdb\zz_clover_a_13cbi;D:\fires\archive\outWorkspace.gdb\zz_coffee_cmplx_b_14cbi;D:\fires\archive\outWorkspace.gdb\zz_coffin_a_09cbi;D:\fires\archive\outWorkspace.gdb\zz_coffin_b_09cbi;D:\fires\archive\outWorkspace.gdb\zz_colby_a_14cbi;D:\fires\archive\outWorkspace.gdb\zz_concow_a_00cbi;D:\fires\archive\outWorkspace.gdb\zz_concow_b_00cbi;D:\fires\archive\outWorkspace.gdb\zz_coon_a_15cbi;D:\fires\archive\outWorkspace.gdb\zz_cottonwood_a_06cbi;D:\fires\archive\outWorkspace.gdb\zz_cottonwood_b_06cbi;D:\fires\archive\outWorkspace.gdb\zz_courtney_b_14cbi;D:\fires\archive\outWorkspace.gdb\zz_cowshed_lightning_a_08cbi;D:\fires\archive\outWorkspace.gdb\zz_cowshed_lightning_b_08cbi;D:\fires\archive\outWorkspace.gdb\zz_craig_a_08cbi;D:\fires\archive\outWorkspace.gdb\zz_craig_b_08cbi;D:\fires\archive\outWorkspace.gdb\zz_creek_incident_a_06cbi;D:\fires\archive\outWorkspace.gdb\zz_creek_incident_b_06cbi;D:\fires\archive\outWorkspace.gdb\zz_croy_a_02cbi;D:\fires\archive\outWorkspace.gdb\zz_croy_b_02cbi;D:\fires\archive\outWorkspace.gdb\zz_dark_hole_b_14cbi;D:\fires\archive\outWorkspace.gdb\zz_day_b_14cbi;D:\fires\archive\outWorkspace.gdb\zz_deluz_a_13cbi;D:\fires\archive\outWorkspace.gdb\zz_devil_a_03cbi;D:\fires\archive\outWorkspace.gdb\zz_devil_b_03cbi;D:\fires\archive\outWorkspace.gdb\zz_doe_mill_a_99cbi;D:\fires\archive\outWorkspace.gdb\zz_doe_mill_b_99cbi;D:\fires\archive\outWorkspace.gdb\zz_eiler_b_14cbi;D:\fires\archive\outWorkspace.gdb\zz_el_portal_b_14cbi;D:\fires\archive\outWorkspace.gdb\zz_eleanor_a_99cbi;D:\fires\archive\outWorkspace.gdb\zz_esperanza_b_06cbi;D:\fires\archive\outWorkspace.gdb\zz_field_a_02cbi;D:\fires\archive\outWorkspace.gdb\zz_fire3_a_99cbi;D:\fires\archive\outWorkspace.gdb\zz_fire3_b_99cbi;D:\fires\archive\outWorkspace.gdb\zz_french_b_14cbi;D:\fires\archive\outWorkspace.gdb\zz_frog_a_06cbi;D:\fires\archive\outWorkspace.gdb\zz_frog_a_15cbi;D:\fires\archive\outWorkspace.gdb\zz_gatos_a_04cbi;D:\fires\archive\outWorkspace.gdb\zz_gatos_b_04cbi;D:\fires\archive\outWorkspace.gdb\zz_goat_a_00cbi;D:\fires\archive\outWorkspace.gdb\zz_goat_b_00cbi;D:\fires\archive\outWorkspace.gdb\zz_gobbler_a_15cbi;D:\fires\archive\outWorkspace.gdb\zz_grand_a_13cbi;D:\fires\archive\outWorkspace.gdb\zz_grouse_a_09cbi;D:\fires\archive\outWorkspace.gdb\zz_gulch_cdf_b_14cbi;D:\fires\archive\outWorkspace.gdb\zz_gulch_mdf_a_14cbi;D:\fires\archive\outWorkspace.gdb\zz_halloran_a_05cbi;D:\fires\archive\outWorkspace.gdb\zz_happy_a_00cbi;D:\fires\archive\outWorkspace.gdb\zz_happy_b_00cbi;D:\fires\archive\outWorkspace.gdb\zz_happy_camp_cmplx_b_14cbi;D:\fires\archive\outWorkspace.gdb\zz_harden_a_09cbi;D:\fires\archive\outWorkspace.gdb\zz_hardy_creek_a_08cbi;D:\fires\archive\outWorkspace.gdb\zz_hardy_creek_b_08cbi;D:\fires\archive\outWorkspace.gdb\zz_hidden_a_08cbi;D:\fires\archive\outWorkspace.gdb\zz_honeydew_a_03cbi;D:\fires\archive\outWorkspace.gdb\zz_honeydew_b_03cbi;D:\fires\archive\outWorkspace.gdb\zz_hoover_a_01cbi;D:\fires\archive\outWorkspace.gdb\zz_humboldt_a_08cbi;D:\fires\archive\outWorkspace.gdb\zz_hwy4_2_a_04cbi;D:\fires\archive\outWorkspace.gdb\zz_indian_a_08cbi;D:\fires\archive\outWorkspace.gdb\zz_indian_a_11cbi;D:\fires\archive\outWorkspace.gdb\zz_indian_b_08cbi;D:\fires\archive\outWorkspace.gdb\zz_irongate_a_04cbi;D:\fires\archive\outWorkspace.gdb\zz_jack_smith_a_08cbi;D:\fires\archive\outWorkspace.gdb\zz_johnson_a_15cbi;D:\fires\archive\outWorkspace.gdb\zz_junction_a_06cbi;D:\fires\archive\outWorkspace.gdb\zz_junction_b_06cbi;D:\fires\archive\outWorkspace.gdb\zz_juniper_a_99cbi;D:\fires\archive\outWorkspace.gdb\zz_juniper_b_99cbi;D:\fires\archive\outWorkspace.gdb\zz_kincaid_a_04cbi;D:\fires\archive\outWorkspace.gdb\zz_kincaid_b_04cbi;D:\fires\archive\outWorkspace.gdb\zz_king_b_14cbi;D:\fires\archive\outWorkspace.gdb\zz_kinkaid_a_03cbi;D:\fires\archive\outWorkspace.gdb\zz_kirkman_a_08cbi;D:\fires\archive\outWorkspace.gdb\zz_lake_a_15cbi;D:\fires\archive\outWorkspace.gdb\zz_lassic_a_15cbi;D:\fires\archive\outWorkspace.gdb\zz_leconte_a_99cbi;D:\fires\archive\outWorkspace.gdb\zz_leonard_a_01cbi;D:\fires\archive\outWorkspace.gdb\zz_leonard_b_01cbi;D:\fires\archive\outWorkspace.gdb\zz_lick_a_07cbi;D:\fires\archive\outWorkspace.gdb\zz_lick_b_07cbi;D:\fires\archive\outWorkspace.gdb\zz_little_deer_b_14cbi;D:\fires\archive\outWorkspace.gdb\zz_lockheed_a_09cbi;D:\fires\archive\outWorkspace.gdb\zz_lockheed_b_09cbi;D:\fires\archive\outWorkspace.gdb\zz_log_b_14cbi;D:\fires\archive\outWorkspace.gdb\zz_los_flores_a_07cbi;D:\fires\archive\outWorkspace.gdb\zz_lost_bear_a_99cbi;D:\fires\archive\outWorkspace.gdb\zz_lost_pipe_a_08cbi;D:\fires\archive\outWorkspace.gdb\zz_lost_pipe_b_08cbi;D:\fires\archive\outWorkspace.gdb\zz_low_gap_a_08cbi;D:\fires\archive\outWorkspace.gdb\zz_low_gap_b_08cbi;D:\fires\archive\outWorkspace.gdb\zz_lowden_a_99cbi;D:\fires\archive\outWorkspace.gdb\zz_lowden_b_99cbi;D:\fires\archive\outWorkspace.gdb\zz_lower_a_08cbi;D:\fires\archive\outWorkspace.gdb\zz_lower_b_08cbi;D:\fires\archive\outWorkspace.gdb\zz_mccabe_a_13cbi;D:\fires\archive\outWorkspace.gdb\zz_meadow_a_04cbi;D:\fires\archive\outWorkspace.gdb\zz_meadow_b_14cbi;D:\fires\archive\outWorkspace.gdb\zz_middle_a_08cbi;D:\fires\archive\outWorkspace.gdb\zz_middle_b_08cbi;D:\fires\archive\outWorkspace.gdb\zz_millwood_a_05cbi;D:\fires\archive\outWorkspace.gdb\zz_moon_a_08cbi;D:\fires\archive\outWorkspace.gdb\zz_moon_b_08cbi;D:\fires\archive\outWorkspace.gdb\zz_morgan_a_00cbi;D:\fires\archive\outWorkspace.gdb\zz_morgan_b_00cbi;D:\fires\archive\outWorkspace.gdb\zz_mountain_cdf_a_03cbi;D:\fires\archive\outWorkspace.gdb\zz_mountain_cdf_b_03cbi;D:\fires\archive\outWorkspace.gdb\zz_musty_a_99cbi;D:\fires\archive\outWorkspace.gdb\zz_musty_b_99cbi;D:\fires\archive\outWorkspace.gdb\zz_navaroo_a_08cbi;D:\fires\archive\outWorkspace.gdb\zz_navaroo_b_08cbi;D:\fires\archive\outWorkspace.gdb\zz_nicolls_b_14cbi;D:\fires\archive\outWorkspace.gdb\zz_noble_a_06cbi;D:\fires\archive\outWorkspace.gdb\zz_noble_b_06cbi;D:\fires\archive\outWorkspace.gdb\zz_north_fork_a_00cbi;D:\fires\archive\outWorkspace.gdb\zz_old_grandprix_padua_a_03cbi;D:\fires\archive\outWorkspace.gdb\zz_old_hwy_a_04cbi;D:\fires\archive\outWorkspace.gdb\zz_old_hwy_b_04cbi;D:\fires\archive\outWorkspace.gdb\zz_oregon_a_04cbi;D:\fires\archive\outWorkspace.gdb\zz_oregon_b_04cbi;D:\fires\archive\outWorkspace.gdb\zz_orr_series_a_08cbi;D:\fires\archive\outWorkspace.gdb\zz_orr_series_b_08cbi;D:\fires\archive\outWorkspace.gdb\zz_palisade_a_02cbi;D:\fires\archive\outWorkspace.gdb\zz_paradise_a_08cbi;D:\fires\archive\outWorkspace.gdb\zz_paradise_b_08cbi;D:\fires\archive\outWorkspace.gdb\zz_pattison_a_04cbi;D:\fires\archive\outWorkspace.gdb\zz_pattison_a_15cbi;D:\fires\archive\outWorkspace.gdb\zz_peak_shf_a_15cbi;D:\fires\archive\outWorkspace.gdb\zz_pickett_a_15cbi;D:\fires\archive\outWorkspace.gdb\zz_pine_a_15cbi;D:\fires\archive\outWorkspace.gdb\zz_pine2_a_08cbi;D:\fires\archive\outWorkspace.gdb\zz_pine2_b_08cbi;D:\fires\archive\outWorkspace.gdb\zz_ponderosa_a_01cbi;D:\fires\archive\outWorkspace.gdb\zz_ponderosa_b_01cbi;D:\fires\archive\outWorkspace.gdb\zz_power_a_07cbi;D:\fires\archive\outWorkspace.gdb\zz_power_b_07cbi;D:\fires\archive\outWorkspace.gdb\zz_pushwalla_a_06cbi;D:\fires\archive\outWorkspace.gdb\zz_pushwalla_b_06cbi;D:\fires\archive\outWorkspace.gdb\zz_rail_a_15cbi;D:\fires\archive\outWorkspace.gdb\zz_red_mountain_a_08cbi;D:\fires\archive\outWorkspace.gdb\zz_red_mountain_b_08cbi;D:\fires\archive\outWorkspace.gdb\zz_rico_a_06cbi;D:\fires\archive\outWorkspace.gdb\zz_rumsey_a_04cbi;D:\fires\archive\outWorkspace.gdb\zz_rumsey_b_04cbi;D:\fires\archive\outWorkspace.gdb\zz_saddle_a_15cbi;D:\fires\archive\outWorkspace.gdb\zz_sage_a_06cbi;D:\fires\archive\outWorkspace.gdb\zz_sage_b_06cbi;D:\fires\archive\outWorkspace.gdb\zz_sawtooth_cmplx_a_06cbi;D:\fires\archive\outWorkspace.gdb\zz_sawtooth_cmplx_b_06cbi;D:\fires\archive\outWorkspace.gdb\zz_shiell_a_15cbi;D:\fires\archive\outWorkspace.gdb\zz_shirley_b_14cbi;D:\fires\archive\outWorkspace.gdb\zz_slope_a_10cbi;D:\fires\archive\outWorkspace.gdb\zz_south_a_99cbi;D:\fires\archive\outWorkspace.gdb\zz_south_b_99cbi;D:\fires\archive\outWorkspace.gdb\zz_stage_a_11cbi;D:\fires\archive\outWorkspace.gdb\zz_stevens_a_04cbi;D:\fires\archive\outWorkspace.gdb\zz_stevens_b_04cbi;D:\fires\archive\outWorkspace.gdb\zz_sugarloaf_a_08cbi;D:\fires\archive\outWorkspace.gdb\zz_sugarloaf_b_08cbi;D:\fires\archive\outWorkspace.gdb\zz_summit_a_08cbi;D:\fires\archive\outWorkspace.gdb\zz_summit_b_08cbi;D:\fires\archive\outWorkspace.gdb\zz_swedes_a_13cbi;D:\fires\archive\outWorkspace.gdb\zz_swedes_b_13cbi;D:\fires\archive\outWorkspace.gdb\zz_tar_a_07cbi;D:\fires\archive\outWorkspace.gdb\zz_tar_b_07cbi;D:\fires\archive\outWorkspace.gdb\zz_THIRTYSIX_a_05cbi;D:\fires\archive\outWorkspace.gdb\zz_THIRTYSIX_b_05cbi;D:\fires\archive\outWorkspace.gdb\zz_tovey_a_05cbi;D:\fires\archive\outWorkspace.gdb\zz_travis1_a_08cbi;D:\fires\archive\outWorkspace.gdb\zz_travis1_b_08cbi;D:\fires\archive\outWorkspace.gdb\zz_tuolumne_a_03cbi;D:\fires\archive\outWorkspace.gdb\zz_twenty_a_08cbi;D:\fires\archive\outWorkspace.gdb\zz_walker_a_15cbi;D:\fires\archive\outWorkspace.gdb\zz_wapama_a_05cbi;D:\fires\archive\outWorkspace.gdb\zz_washington_a_15cbi;D:\fires\archive\outWorkspace.gdb\zz_way_a_14cbi;D:\fires\archive\outWorkspace.gdb\zz_west_a_10cbi;D:\fires\archive\outWorkspace.gdb\zz_whiskey_a_03cbi;D:\fires\archive\outWorkspace.gdb\zz_whispering_pines_a_06cbi;D:\fires\archive\outWorkspace.gdb\zz_whispering_pines_b_06cbi;D:\fires\archive\outWorkspace.gdb\zz_white_a_07cbi;D:\fires\archive\outWorkspace.gdb\zz_white_b_07cbi;D:\fires\archive\outWorkspace.gdb\zz_whites_b_14cbi;D:\fires\archive\outWorkspace.gdb\zz_whitmore_a_03cbi;D:\fires\archive\outWorkspace.gdb\zz_whitmore_b_03cbi;D:\fires\archive\outWorkspace.gdb\zz_wild_a_08cbi;D:\fires\archive\outWorkspace.gdb\zz_wildcat_a_09cbi;D:\fires\archive\outWorkspace.gdb\zz_wildhorse_a_05cbi;D:\fires\archive\outWorkspace.gdb\zz_willow_a_15cbi;D:\fires\archive\outWorkspace.gdb\zz_wolf_ynp_a_02cbi;D:\fires\archive\outWorkspace.gdb\zz_woodland_a_99cbi;D:\fires\archive\outWorkspace.gdb\zz_woodland_b_99cbi;D:\fires\archive\outWorkspace.gdb\zz_yuba_a_09cbi;D:\fires\archive\outWorkspace.gdb\zz_yuba_b_09cbi "VegBurnSeverity 15_2" TEST # #</Process><Process ToolSource="c:\program files (x86)\arcgis\desktop10.1\ArcToolbox\Toolboxes\Data Management Tools.tbx\Append" Date="20151028" Time="094912" Name="" export="">Append D:\fires\archive\outWorkspace.gdb\zz_frog_b_06cbi;D:\fires\archive\outWorkspace.gdb\zz_grouse_b_09cbi;D:\fires\archive\outWorkspace.gdb\zz_harden_b_09cbi;D:\fires\archive\outWorkspace.gdb\zz_little_deer_b_14cbi;D:\fires\archive\outWorkspace.gdb\zz_meadow_b_04cbi;D:\fires\archive\outWorkspace.gdb\zz_wildcat_b_09cbi "VegBurnSeverity 15_2 extended" TEST # #</Process><Process ToolSource="c:\program files (x86)\arcgis\desktop10.1\ArcToolbox\Toolboxes\Data Management Tools.tbx\Append" Date="20151028" Time="105800" Name="" export="">Append D:\fires\archive\outWorkspace.gdb\zz_little_deer_b_14cbi "VegBurnSeverity 15_2 extended" TEST # #</Process><Process ToolSource="c:\program files (x86)\arcgis\desktop10.1\ArcToolbox\Toolboxes\Data Management Tools.tbx\Append" Date="20151029" Time="125724" Name="" export="">Append D:\fires\archive\outWorkspace.gdb\zz_hardy_creek_b_08cbi;D:\fires\archive\outWorkspace.gdb\zz_river_cmplx_a_15cbi "VegBurnSeverity 15_2 extended" TEST # #</Process><Process ToolSource="c:\program files (x86)\arcgis\desktop10.1\ArcToolbox\Toolboxes\Data Management Tools.tbx\CompressFileGeodatabaseData" Date="20151103" Time="070739" Name="" export="">CompressFileGeodatabaseData D:\arcws\vegseverity\VegBurnSeverity15_2.gdb\VegBurnSeverity true</Process><Process ToolSource="c:\program files (x86)\arcgis\desktop10.1\ArcToolbox\Toolboxes\Data Management Tools.tbx\UncompressFileGeodatabaseData" Date="20151223" Time="105825" Name="" export="">UncompressFileGeodatabaseData "VegBurnSeverity 15_2 " #</Process><Process ToolSource="c:\program files (x86)\arcgis\desktop10.1\ArcToolbox\Toolboxes\Data Management Tools.tbx\Append" Date="20151224" Time="085843" Name="" export="">Append D:\fires\archive\outWorkspace.gdb\zz_bear_a_15cbi;D:\fires\archive\outWorkspace.gdb\zz_cascade_a_12cbi;D:\fires\archive\outWorkspace.gdb\zz_clear_a_12cbi;D:\fires\archive\outWorkspace.gdb\zz_dale_a_12cbi;D:\fires\archive\outWorkspace.gdb\zz_dale_b_12cbi;D:\fires\archive\outWorkspace.gdb\zz_devil_a_03cbi;D:\fires\archive\outWorkspace.gdb\zz_esperanza_a_06cbi;D:\fires\archive\outWorkspace.gdb\zz_esperanza_b_06cbi;D:\fires\archive\outWorkspace.gdb\zz_jawbone_branch_a_12cbi;D:\fires\archive\outWorkspace.gdb\zz_jawbone_branch_b_12cbi;D:\fires\archive\outWorkspace.gdb\zz_lake_a_12cbi;D:\fires\archive\outWorkspace.gdb\zz_likley_a_12cbi;D:\fires\archive\outWorkspace.gdb\zz_mill_cdf_a_12cbi;D:\fires\archive\outWorkspace.gdb\zz_nickowitz_a_15cbi;D:\fires\archive\outWorkspace.gdb\zz_peak_srf_a_15cbi;D:\fires\archive\outWorkspace.gdb\zz_ponderosa_a_12cbi;D:\fires\archive\outWorkspace.gdb\zz_ponderosa_b_12cbi;D:\fires\archive\outWorkspace.gdb\zz_rim_branch_a_12cbi;D:\fires\archive\outWorkspace.gdb\zz_rim_branch_b_12cbi;D:\fires\archive\outWorkspace.gdb\zz_robbers_a_12cbi;D:\fires\archive\outWorkspace.gdb\zz_robbers_b_12cbi;D:\fires\archive\outWorkspace.gdb\zz_rough_a_15cbi;D:\fires\archive\outWorkspace.gdb\zz_round_a_15cbi;D:\fires\archive\outWorkspace.gdb\zz_rush_a_12cbi;D:\fires\archive\outWorkspace.gdb\zz_sixteen_cmplx_a_12cbi;D:\fires\archive\outWorkspace.gdb\zz_stafford_a_12cbi;D:\fires\archive\outWorkspace.gdb\zz_vernon_a_10cbi;D:\fires\archive\outWorkspace.gdb\zz_wye_a_12cbi D:\arcws\vegseverity\VegBurnSeverity15_2.gdb\VegBurnSeverity TEST # #</Process><Process ToolSource="c:\program files (x86)\arcgis\desktop10.1\ArcToolbox\Toolboxes\Data Management Tools.tbx\Append" Date="20160111" Time="145615" Name="" export="">Append D:\fires\archive\outWorkspace.gdb\zz_stafford_a_12cbi D:\arcws\vegseverity\VegBurnSeverity15_2.gdb\VegBurnSeverity TEST # #</Process><Process ToolSource="c:\program files (x86)\arcgis\desktop10.1\ArcToolbox\Toolboxes\Data Management Tools.tbx\Append" Date="20160112" Time="142029" Name="" export="">Append D:\fires\archive\outWorkspace.gdb\zz_clear_b_12cbi;D:\fires\archive\outWorkspace.gdb\zz_mill_cdf_b_12cbi D:\arcws\vegseverity\VegBurnSeverity15_2.gdb\VegBurnSeverity TEST # #</Process><Process ToolSource="c:\program files (x86)\arcgis\desktop10.1\ArcToolbox\Toolboxes\Data Management Tools.tbx\Append" Date="20160127" Time="093827" Name="" export="">Append D:\fires\archive\outWorkspace.gdb\zz_butte_a_15cbi;D:\fires\archive\outWorkspace.gdb\zz_tassajara_a_15cbi;D:\fires\archive\outWorkspace.gdb\zz_valley_a_15cbi D:\arcws\vegseverity\VegBurnSeverity16_1.gdb\VegBurnSeverity TEST # #</Process><Process ToolSource="c:\program files (x86)\arcgis\desktop10.1\ArcToolbox\Toolboxes\Data Management Tools.tbx\Append" Date="20160128" Time="132513" Name="" export="">Append D:\fires\archive\outWorkspace.gdb\zz_soda_a_14cbi;D:\fires\archive\outWorkspace.gdb\zz_soda_b_14cbi D:\arcws\vegseverity\VegBurnSeverity16_1.gdb\VegBurnSeverity TEST # #</Process><Process ToolSource="c:\program files (x86)\arcgis\desktop10.1\ArcToolbox\Toolboxes\Data Management Tools.tbx\Append" Date="20160204" Time="083347" Name="" export="">Append D:\fires\archive\outWorkspace.gdb\zz_chariot_a_13cbi;D:\fires\archive\outWorkspace.gdb\zz_grand_a_13cbi D:\arcws\vegseverity\VegBurnSeverity16_1.gdb\VegBurnSeverity TEST # #</Process><Process ToolSource="c:\program files (x86)\arcgis\desktop10.3\ArcToolbox\Toolboxes\Data Management Tools.tbx\CalculateField" Date="20180109" Time="122734" Name="" export="">CalculateField "VegBurnSeverity 18_1" BEST_ASSESS "YES" VB #</Process><Process ToolSource="c:\program files (x86)\arcgis\desktop10.3\ArcToolbox\Toolboxes\Data Management Tools.tbx\CalculateField" Date="20180124" Time="110311" Name="" export="">CalculateField "VegBurnSeverity 18_1" BEST_ASSESS "YES" VB #</Process><Process ToolSource="c:\program files (x86)\arcgis\desktop10.3\ArcToolbox\Toolboxes\Data Management Tools.tbx\CalculateField" Date="20180215" Time="134207" Name="" export="">CalculateField "VegBurnSeverity 18_1" BEST_ASSESS "YES" VB #</Process><Process ToolSource="c:\program files (x86)\arcgis\desktop10.6\ArcToolbox\Toolboxes\Data Management Tools.tbx\Project" Date="20190122" Time="155455">Project "D:/Documents/Works/Consulting/SIG/Fire Vegetation Recovery/Data/fseprd596278-shapefile\fire_data.shp" "D:\Documents\Works\Consulting\SIG\Fire Vegetation Recovery\Data\fseprd596278-shapefile-wgs84\fire_data.shp" GEOGCS['GCS_WGS_1984',DATUM['D_WGS_1984',SPHEROID['WGS_1984',6378137.0,298.257223563]],PRIMEM['Greenwich',0.0],UNIT['Degree',0.0174532925199433]] WGS_1984_(ITRF00)_To_NAD_1983 PROJCS['NAD_1983_Albers',GEOGCS['GCS_North_American_1983',DATUM['D_North_American_1983',SPHEROID['GRS_1980',6378137.0,298.257222101]],PRIMEM['Greenwich',0.0],UNIT['Degree',0.0174532925199433]],PROJECTION['Albers'],PARAMETER['False_Easting',0.0],PARAMETER['False_Northing',-4000000.0],PARAMETER['Central_Meridian',-120.0],PARAMETER['Standard_Parallel_1',34.0],PARAMETER['Standard_Parallel_2',40.5],PARAMETER['Latitude_Of_Origin',0.0],UNIT['Meter',1.0]] NO_PRESERVE_SHAPE # NO_VERTICAL</Process><Process ToolSource="c:\program files (x86)\arcgis\desktop10.6\ArcToolbox\Toolboxes\Analysis Tools.tbx\Clip" Date="20190122" Time="160121">Clip fire_data aoi "D:\Documents\Works\Consulting\SIG\Fire Vegetation Recovery\Data\fseprd596278-shapefile-wgs84-clipped\fire_data.shp" #</Process><Process ToolSource="c:\program files (x86)\arcgis\desktop10.6\ArcToolbox\Toolboxes\Analysis Tools.tbx\Select" Date="20190122" Time="162044">Select "D:/Documents/Works/Consulting/SIG/Fire Vegetation Recovery/Data/fseprd596278-shapefile-wgs84-clipped/fire_data.shp" "D:\Documents\Works\Consulting\SIG\Fire Vegetation Recovery\Data\Fire Name Export\Lookout_1999.shp" VB_ID='1999LOOKOUT'</Process><Process ToolSource="c:\program files (x86)\arcgis\desktop10.6\ArcToolbox\Toolboxes\Data Management Tools.tbx\AddField" Date="20190123" Time="104441">AddField "D:/Documents/Works/Consulting/SIG/Fire Vegetation Recovery/Data/Fire Name Export\Lookout_1999.shp" Shape_area DOUBLE # # # # NULLABLE NON_REQUIRED #</Process><Process ToolSource="c:\program files (x86)\arcgis\desktop10.6\ArcToolbox\Toolboxes\Data Management Tools.tbx\Dissolve" Date="20190201" Time="123524">Dissolve "D:/Documents/Works/Consulting/SIG/Fire Vegetation Recovery/Data/Fire Name Export\Lookout_1999.shp" "D:\Documents\Works\Consulting\SIG\Fire Vegetation Recovery\Data\Fire Name Export Dissolve\Lookout_1999.shp" VB_ID # MULTI_PART DISSOLVE_LINES</Process><Process ToolSource="c:\program files (x86)\arcgis\desktop10.6\ArcToolbox\Toolboxes\Data Management Tools.tbx\AddField" Date="20190201" Time="124518">AddField "D:/Documents/Works/Consulting/SIG/Fire Vegetation Recovery/Data/Fire Name Export Dissolve\Lookout_1999.shp" name TEXT # # 100 # NULLABLE NON_REQUIRED #</Process></lineage></DataProperties><SyncDate>20190201</SyncDate><SyncTime>12352400</SyncTime><ModDate>20190201</ModDate><ModTime>12352400</ModTime><ArcGISFormat>1.0</ArcGISFormat><ArcGISProfile>FGDC</ArcGISProfile><scaleRange><minScale>150000000</minScale><maxScale>5000</maxScale></scaleRange><CreaDate>20190122</CreaDate><CreaTime>15545200</CreaTime><SyncOnce>FALSE</SyncOnce></Esri><distInfo xmlns=""><distFormat xmlns=""><formatName Sync="TRUE">Shapefile</formatName></distFormat><distributor xmlns=""><distorCont xmlns=""><rpOrgName>USDA Forest Service, Pacific Southwest Region, Fire and Aviation Mgmt</rpOrgName><rpPosName>GIS Coordinator</rpPosName><role><RoleCd value="007"/></role><rpCntInfo xmlns=""><cntAddress addressType="both"><delPoint>3237 Peacekeeper Way, Suite 101</delPoint><city>McClellan</city><adminArea>CA</adminArea><postCode>95652</postCode><country>UNITED STATES</country></cntAddress><cntPhone><voiceNum tddtty="">916-640-1000</voiceNum></cntPhone><cntHours>M-F, 0800-1700</cntHours></rpCntInfo></distorCont></distributor><distTranOps><transSize Sync="TRUE">0.000</transSize></distTranOps></distInfo><mdHrLv><ScopeCd value="005" Sync="TRUE"/></mdHrLv><mdHrLvName Sync="TRUE">dataset</mdHrLvName><refSysInfo><RefSystem><refSysID><identCode code="4326" Sync="TRUE" value="0"/><idCodeSpace Sync="TRUE">EPSG</idCodeSpace><idVersion Sync="TRUE">6.14(3.0.1)</idVersion></refSysID></RefSystem></refSysInfo><spatRepInfo><VectSpatRep><geometObjs Name="Lookout_1999"><geoObjTyp><GeoObjTypCd value="002" Sync="TRUE"></GeoObjTypCd></geoObjTyp><geoObjCnt Sync="TRUE">0</geoObjCnt></geometObjs><topLvl><TopoLevCd value="001" Sync="TRUE"></TopoLevCd></topLvl></VectSpatRep></spatRepInfo><mdDateSt Sync="TRUE">20190201</mdDateSt><mdContact xmlns=""><rpOrgName>USDA Forest Service, Pacific Southwest Region, Fire and Aviation Mgmt</rpOrgName><rpPosName>GIS Coordinator</rpPosName><role><RoleCd value="007"/></role><rpCntInfo xmlns=""><cntAddress addressType="both"><delPoint>3237 Peacekeeper Way, Suite 101</delPoint><city>McClellan</city><adminArea>CA</adminArea><postCode>95652</postCode><country>UNITED STATES</country></cntAddress><cntPhone><voiceNum tddtty="">916-640-1000</voiceNum></cntPhone></rpCntInfo></mdContact><dqInfo xmlns=""><dataLineage><prcStep xmlns=""><stepDesc>Version 10_3 includes updates for fires 200-1000 ac in size that occured in the Sierra Nevada during 1984-2009, and extended assessments for 2009 fires for all of Region 5 Forests. Added the VB_ID field to link the perimeters to the severity data records.</stepDesc></prcStep><prcStep xmlns=""><stepDesc>Version 11_1 includes updates for fires 2001WHITE_SQF, 2006MAGGIE, 2011LION, 2011COUGAR, 2011MOTOR, 2011RUTH</stepDesc></prcStep><prcStep xmlns=""><stepDesc>Version 11_2 fixed BEST_ASSESS values for 2011 fires. Changed values from NO to YES. The 2011 initial assessments are the only assessements available at this time and therefore are the best available.</stepDesc></prcStep><prcStep xmlns=""><stepDesc>Version 12_1 includes updates to existing and additional new fires:
1985 GORDA_RAT, 1985 SECO, 1985 USF05071985000999, 1989 MOLERA2, 1992 SECO, 1992 USF05071992000032, 2000 PLASKETT2, 2007 HAWKEN, 2010 BAR, 2010 BODFISH, 2010 BUCKHORN, 2010 BULL, 2010 BULLARDS, 2010 CANYON, 2010 CONSTANTIA, 2010 MONO, 2010 MONTE, 2010 PINECREST, 2010 POST, 2010 POZO, 2010 SHEEP, 2010 WOLF_CREEK, 2011 ANNIE, 2011 BUTTERMILK, 2011 HILL, 2011 MAMMOTH, 2011 ONION, 2011 SCORPION, 2011 WILLOWS, 2012 BEAR, 2012 CHIPS, 2012 FLAT, 2012 GEORGE, 2012 MILL, 2012 READING, 2012 SALT_CREEK
</stepDesc></prcStep><prcStep xmlns=""><stepDesc>Version 12_2 includes new 2012 fires: Barry Point, Bagley, Ramsey, Stafford, Williams, Goff, North Pass</stepDesc></prcStep><prcStep xmlns=""><stepDesc>Version 13_1 added initial assessments for 5 older fires,  2002 Showers, 2004 Deep, 2004 Sims, 2004 Straylor, 2005 Harding, Set "BEST_ASSESS" to YES for 2004 Deep initial assessment.</stepDesc></prcStep><prcStep xmlns=""><stepDesc>Version 14_1 added initial assessments for 13 2013 fires and 4 older fires: 2010 BRIGGS, 2011 MINT, 2011 BRECKENRIDGE COMPLEX, 2011 COVE, 2013 AMERICAN, 2013 ASPEN, 2013 BUTLER, 2013 CARSTENS, 2013 CORRAL CMPLX, 2013 FISH, 2013 HATHAWAY, 2013 MOUNTAIN, 2013 PANTHER, 2013 POWERHOUSE, 2013 RIM, 2013 SALMON RIVER CMPLX, 2013 SILVER</stepDesc><stepDateTm>2014-01-23T00:00:00</stepDateTm></prcStep><prcStep xmlns=""><stepDesc>Version 14_2: Migrated personal geodatabase to file geodatabase: Masked out lakes in 2012 Reading initial assessment; Added initial assessment for 2000 Storrie; Added extended assessment for 2010 Bar; Added extended assessments for 17 fires on USFS lands in 2012: Bagley, Barry Point, Bear, Chips, Clear, Flat, George, Goff, Mill, Mill, North Pass, Peak, Ramsey, Reading, Salt Creek, Stafford, Williams; Added 113 wildfires greater than 200 acres in four National Parks: Lassen, Yosemite, Sequoia and Kings Canyon</stepDesc><stepDateTm>2014-07-08T00:00:00</stepDateTm></prcStep><prcStep xmlns=""><stepDesc>Version 14_3: Added initial assessments for 2001 Martis, and 14 fires in 2014: Bald, Beaver, Coffee Complex, Day, Eiler, El Portal, Frnech, Happy Camp Complex, King, Little Deer, Log, Nicolls, Soda, White; 
Added extended assessments for 6 fires in 2013: American, Aspen, Carstens, Fish, Rim, Power;
Initial assessments for 2013 Aspen and 2013 Rim were reprocessed to reflect final perimeters</stepDesc><stepDateTm>2014-11-12T00:00:00</stepDateTm></prcStep><prcStep xmlns=""><stepDesc>Version 15_1: Added initial assessments for 2013 fires: Chariot, Deer, Falls, Grand, Ridge/Heights, Summit, White, Windy Peak. Initial assessments for 2013 Corral Complex and 2013 Panther were reprocessed to reflect final perimeters. Added extended assessments for 2013 fires: Butler, Corral Complex, Kyburz, Panther, Ridge/Heights, Salmon River Cmplx, Shirley, Windy Peak.</stepDesc><stepDateTm>2015-04-22T00:00:00</stepDateTm></prcStep><prcStep xmlns=""><stepDesc>Version 16_1: 
THIS VERSION CONTAINS NEW FIRES AND/OR ASSESSMENTS AT THE REQUEST OF CALFIRE AS WELL AS NEW AND UPDATED USFS AND NPS FIRES 
NEW INITIAL ASSESSMENTS:
1999: CANYON #4, DOE MILL, ELEANOR, FIRE #3, JUNIPER, LECONTE, LOST BEAR, LOWDEN, MUSTY, SOUTH, WOODLAND
2000: CONCOW, GOAT, HAPPY, MORGAN, NORTH FORK
2001: LEONARD, PONDEROSA
2002: CROY, FIELD, PALISADE, WOLF
2003: ANNIE, CANOE, DEVIL, HONEYDEW, KINKAID, MOUNTAIN, TUOLUMNE, OLD/GRANDPRIX/PADUA, WHISKEY, WHITMORE
2004: BLUFF, GATOS, HWY 4 #2, IRONGATE, KINCAID, OLD HWY/MPUD 149, MEADOW WFU, OREGON, PATTISON, RUMSEY, STEVENS
2005: 36, BAILEY, HALLORAN, MILLWOOD, TOVEY, WAPAMA, WILDHORSE
2006: COTTONWOOD, CREEK INCIDENT, ESPERANZA, FROG, JUNCTION, NOBLE, PUSHWALLA, RICO, SAGE, SAWTOOTH COMPLEX, WHISPERING PINES
2007: LICK, LOS FLORES, POWER, TAR, WHITE
2008: BUTCH, CLIFF RIDGE, COWSHED LIGHTNING, CRAIG, HARDY CREEK LIGHTNING, HIDDEN, HUMBOLDT, INDIAN, JACK SMITH, KIRKMAN, LOST PIPE, LOW GAP, LOWER, MIDDLE, MOON, NAVAROO, ORR SERIES, PARADISE, PINE 2, RED MOUNTAIN LIGHTNING, SUGARLOAF, SUMMIT, TRAVIS 1, TWENTY, WILD
2009: BRYSON, COFFIN, GROUSE, HARDEN, LOCKHEED, WILDCAT, YUBA
2010: SLOPE, VERNON, WEST
2011: BAKER, BLACK, CANYON, INDIAN, STAGE
2012: CASCADE, CLEAR, DALE, JAWBONE BRANCH, LAKE, LIKLEY, MILL, PONDEROSA, RIM BRANCH, ROBBERS, RUSH, SIXTEEN COMPLEX, WYE
2013: CLOVER, DELUZ, MCCABE, SWEDES
2014: COLBY, GULCH, WAY
2015: BARKER, BEAR, BLUE, BUCK, BUTTE, CABIN, CASTLE, COON, FROG, GOBBLER, JOHNSON, LAKE, LASSIC, NICKOWITZ, PATTISON, PEAK (SRF), PEAK (SHF), PICKETT, PINE, RAIL, RIVER COMPLEX, ROUND, ROUGH, SADDLE, SHIELL, TASSAJARA, VALLEY, WALKER, WASHINGTON

NEW EXTENDED ASSESSMENTS:
1999: CANYON #4, DOE MILL, FIRE #3, JUNIPER, LOWDEN, MUSTY, SOUTH, WOODLAND
2000: CONCOW, GOAT, HAPPY, MORGAN
2001: LEONARD, PONDEROSA
2002: CROY
2003: ANNIE, CANOE, DEVIL, HONEYDEW, MOUNTAIN, WHITMORE
2004: GATOS, IRONGATE, KINCAID, OLD HWY/MPUD 149, OREGON, RUMSEY, STEVENS
2005: 36, BAILEY
2006: COTTONWOOD, CREEK INCIDENT, ESPERANZA, JUNCTION, NOBLE, PUSHWALLA, SAGE, SAWTOOTH COMPLEX, WHISPERING PINES
2007: LICK, LOS FLORES, POWER, TAR, WHITE
2008: BUTCH, CLIFF RIDGE, COWSHED LIGHTNING, CRAIG, HARDY CREEK LIGHTNING, INDIAN, LOST PIPE, LOW GAP, LOWER, MIDDLE, MOON, NAVAROO, ORR SERIES, PARADISE, PINE 2, RED MOUNTAIN LIGHTNING, SUGARLOAF, SUMMIT, TRAVIS 1
2009: COFFIN, LOCKHEED, YUBA
2012: DALE, JAWBONE BRANCH, PONDEROSA, RIM BRANCH, ROBBERS
2013: SWEDES
2014: CAMPBELL, COURTNEY, DARK HOLE, MEADOW, SHIRLEY

UPDATED:
2003: OLD/GRANDPRIX/PADUA
2004: MEADOW WFU
2006: FROG
2009: GROUSE, HARDEN, WILDCAT
2012: CLEAR, MILL, STAFFORD
2013: CHARIOT, GRAND
2014: SODA</stepDesc><stepDateTm>2016-02-04T00:00:00</stepDateTm></prcStep><prcStep xmlns=""><stepDesc>Version 17_1: 

THIS VERSION CONTAINS NEW FIRES AND/OR ASSESSMENTS AT THE REQUEST OF CALFIRE AS WELL AS NEW AND UPDATED USFS AND NPS FIRES 
NEW INITIAL ASSESSMENTS:
2014: LODGE COMPLEX, OREGON GULCH, SAND
2015: CUESTA, HIGHWAY, JERUSALEM, LOWELL, LUMPKIN, NORTH, PARKHILL, ROCKY, SKY, STEELHEAD, WRAGG
2016: BLUECUT, CEDAR, CLARK, ERSKINE, FISH, GAP, JACOBSON, OWENS RIVER, PILOT, PINE, PONY, REY, SACATA, SAND, SOBERANES, SOUP COMPLEX, TRAILHEAD

NEW EXTENDED ASSESSMENTS:
2014: LODGE COMPLEX, OREGON GULCH, SAND
2015: BARKER, BEAR, BIG CREEK, BIG FIVE, BLUE, BUCK, BUTTE, CABIN, CASTLE (SOUTH COMPLEX), COON, CORRINE, CUESTA, FROG, GOBBLER, HIGHWAY, JERUSALEM, JOHNSON (ROUTE COMPLEX), LAKE, LASSIC, LOWELL, LUMPKIN, MIDDLE, NICKOWITZ, PARKHILL, PATTISON (SOUTH COMPLEX), PEAK (SHF), PEAK (SRF), PICKETT, PINE, RAIL, RIVER COMPLEX, ROCKY, ROUGH, SADDLE, SHIELL, SKY, STEELHEAD, TASSAJARA, TENAYA, WASHINGTON, WILLOW, WRAGG

UPDATED:
2015: BUTTE, CASTLE (SOUTH COMPLEX), JOHNSON (ROUTE COMPLEX), PATTISON (SOUTH COMPLEX), ROUGH
</stepDesc><stepDateTm>2016-12-20T00:00:00</stepDateTm></prcStep><prcStep xmlns=""><stepDesc>Version 18_1: 
NEW INITIAL ASSESSMENTS:
2002: COPPER
2003: PIRU
2016: BOGURT, COLEMAN, HORSESHOE, HOWARD, MARINA, MEADOW, MOKELUMNE, RESERVOIR, SHERPA, TOBIN, TULE, WILLARD
2017: ABNEY, BERRY, BUCK, BUMMERS, BURNEY, BUTTE, CALDWELL, CANYON, CEDAR, CLARK, COVE, CREEK(ANF), CREEK(STF), DETWILER, DOUGLAS, DUTCHMAN, GARDEN, EMPIRE, EUREKA, GRANT, HAYPRESS, HELENA+FORK, HIGHWAY, HOLCOMB, INDIAN, LAKE, LION, MCCORMICK, MINERVA 5, MISSION, OAK, PARKER 2, PIER, PONDEROSA, RAILROAD, RIMROCK, SCHAEFFER, SLINKARD, STEELE, SOUTH FORK, TABLE, THOMAS, UKONOM, WALLOW, WHITTIER, WILLIE

NEW EXTENDED ASSESSMENTS:
2016: BLUECUT, BOGART, CEDAR, CLARK, COLEMAN, CROWN, ERSKINE, FISH, GAP, HIDDEN, HORSESHOE, HOWARD, JACOBSON, LAKES, MEADOW,  MOKELUMNE, RESERVOIR, SLATE, OWENS RIVER, PILOT, PINE, PONY, SAND, SOBERANES, SOUP 2, TRAILHEAD, TULE, WILLARD

UPDATED:
2003: CEDAR

ADDED MISSING DATA:
2001 TAR</stepDesc><stepDateTm>2018-02-15T00:00:00</stepDateTm></prcStep></dataLineage></dqInfo><mdChar><CharSetCd value="004"/></mdChar><mdMaint xmlns=""><maintFreq><MaintFreqCd value="009"/></maintFreq></mdMaint></metadata>
