<metadata xml:lang="en"><Esri><CreaDate>20190410</CreaDate><CreaTime>07451600</CreaTime><ArcGISFormat>1.0</ArcGISFormat><SyncOnce>FALSE</SyncOnce><DataProperties><itemProps><itemName Sync="TRUE">PC292_CalFire_WUI_15km_buffer_envelope</itemName><imsContentType Sync="TRUE">002</imsContentType><itemLocation><linkage Sync="TRUE">file://\\balsa\dschmidt\GIS_data\!export\PC292_CalFire_WUI_15km_buffer_envelope.shp</linkage><protocol Sync="TRUE">Local Area Network</protocol></itemLocation><itemSize Sync="TRUE">0.000</itemSize></itemProps><coordRef><type Sync="TRUE">Geographic</type><geogcsn Sync="TRUE">GCS_WGS_1984</geogcsn><csUnits Sync="TRUE">Angular Unit: Degree (0.017453)</csUnits><peXml Sync="TRUE">&lt;GeographicCoordinateSystem xsi:type='typens:GeographicCoordinateSystem' xmlns:xsi='http://www.w3.org/2001/XMLSchema-instance' xmlns:xs='http://www.w3.org/2001/XMLSchema' xmlns:typens='http://www.esri.com/schemas/ArcGIS/10.5'&gt;&lt;WKT&gt;GEOGCS[&amp;quot;GCS_WGS_1984&amp;quot;,DATUM[&amp;quot;D_WGS_1984&amp;quot;,SPHEROID[&amp;quot;WGS_1984&amp;quot;,6378137.0,298.257223563]],PRIMEM[&amp;quot;Greenwich&amp;quot;,0.0],UNIT[&amp;quot;Degree&amp;quot;,0.0174532925199433],AUTHORITY[&amp;quot;EPSG&amp;quot;,4326]]&lt;/WKT&gt;&lt;XOrigin&gt;-400&lt;/XOrigin&gt;&lt;YOrigin&gt;-400&lt;/YOrigin&gt;&lt;XYScale&gt;11258999068426.238&lt;/XYScale&gt;&lt;ZOrigin&gt;-100000&lt;/ZOrigin&gt;&lt;ZScale&gt;10000&lt;/ZScale&gt;&lt;MOrigin&gt;-100000&lt;/MOrigin&gt;&lt;MScale&gt;10000&lt;/MScale&gt;&lt;XYTolerance&gt;8.983152841195215e-009&lt;/XYTolerance&gt;&lt;ZTolerance&gt;0.001&lt;/ZTolerance&gt;&lt;MTolerance&gt;0.001&lt;/MTolerance&gt;&lt;HighPrecision&gt;true&lt;/HighPrecision&gt;&lt;LeftLongitude&gt;-180&lt;/LeftLongitude&gt;&lt;WKID&gt;4326&lt;/WKID&gt;&lt;LatestWKID&gt;4326&lt;/LatestWKID&gt;&lt;/GeographicCoordinateSystem&gt;</peXml></coordRef><lineage><Process ToolSource="c:\program files\arcgis\pro\Resources\ArcToolbox\toolboxes\Analysis Tools.tbx\Buffer" Date="20190410" Time="074517">Buffer "Z:\GIS_data\PC292_Wildfire_Risk\Proposed Boundary PC292_CalFire_WUI.kmz\Polygons" Z:\GIS_data\PC292_Wildfire_Risk\PC292_Wildfire_Risk_09April2019\PC292_Wildfire_Risk_09April2019.gdb\PC292_CalFire_WUI_15km_buffer "15 Kilometers" Full Round "No Dissolve" # Planar</Process><Process ToolSource="c:\program files\arcgis\pro\Resources\ArcToolbox\toolboxes\Data Management Tools.tbx\MinimumBoundingGeometry" Date="20190410" Time="074807">MinimumBoundingGeometry PC292_CalFire_WUI_15km_buffer Z:\GIS_data\PC292_Wildfire_Risk\PC292_Wildfire_Risk_09April2019\PC292_Wildfire_Risk_09April2019.gdb\PC292_CalFire_WUI_15km_buffer_envelope Envelope None # NO_MBG_FIELDS</Process><Process ToolSource="c:\program files (x86)\arcgis\desktop10.5\ArcToolbox\Toolboxes\Conversion Tools.tbx\FeatureClassToFeatureClass" Date="20190411" Time="181048">FeatureClassToFeatureClass Z:\GIS_data\PC292_Wildfire_Risk\PC292_Wildfire_Risk_09April2019\PC292_Wildfire_Risk_09April2019.gdb\PC292_CalFire_WUI_15km_buffer_envelope Z:\GIS_data\!export PC292_CalFire_WUI_15km_buffer_envelope.shp # "Name "Name" true true false 255 Text 0 0 ,First,#,Z:\GIS_data\PC292_Wildfire_Risk\PC292_Wildfire_Risk_09April2019\PC292_Wildfire_Risk_09April2019.gdb\PC292_CalFire_WUI_15km_buffer_envelope,Name,-1,-1;FolderPath "FolderPath" true true false 255 Text 0 0 ,First,#,Z:\GIS_data\PC292_Wildfire_Risk\PC292_Wildfire_Risk_09April2019\PC292_Wildfire_Risk_09April2019.gdb\PC292_CalFire_WUI_15km_buffer_envelope,FolderPath,-1,-1;SymbolID "SymbolID" true true false 4 Long 0 0 ,First,#,Z:\GIS_data\PC292_Wildfire_Risk\PC292_Wildfire_Risk_09April2019\PC292_Wildfire_Risk_09April2019.gdb\PC292_CalFire_WUI_15km_buffer_envelope,SymbolID,-1,-1;AltMode "AltMode" true true false 2 Short 0 0 ,First,#,Z:\GIS_data\PC292_Wildfire_Risk\PC292_Wildfire_Risk_09April2019\PC292_Wildfire_Risk_09April2019.gdb\PC292_CalFire_WUI_15km_buffer_envelope,AltMode,-1,-1;Base "Base" true true false 8 Double 0 0 ,First,#,Z:\GIS_data\PC292_Wildfire_Risk\PC292_Wildfire_Risk_09April2019\PC292_Wildfire_Risk_09April2019.gdb\PC292_CalFire_WUI_15km_buffer_envelope,Base,-1,-1;Clamped "Clamped" true true false 2 Short 0 0 ,First,#,Z:\GIS_data\PC292_Wildfire_Risk\PC292_Wildfire_Risk_09April2019\PC292_Wildfire_Risk_09April2019.gdb\PC292_CalFire_WUI_15km_buffer_envelope,Clamped,-1,-1;Extruded "Extruded" true true false 2 Short 0 0 ,First,#,Z:\GIS_data\PC292_Wildfire_Risk\PC292_Wildfire_Risk_09April2019\PC292_Wildfire_Risk_09April2019.gdb\PC292_CalFire_WUI_15km_buffer_envelope,Extruded,-1,-1;Snippet "Snippet" true true false 268435455 Text 0 0 ,First,#,Z:\GIS_data\PC292_Wildfire_Risk\PC292_Wildfire_Risk_09April2019\PC292_Wildfire_Risk_09April2019.gdb\PC292_CalFire_WUI_15km_buffer_envelope,Snippet,-1,-1;PopupInfo "PopupInfo" true true false 268435455 Text 0 0 ,First,#,Z:\GIS_data\PC292_Wildfire_Risk\PC292_Wildfire_Risk_09April2019\PC292_Wildfire_Risk_09April2019.gdb\PC292_CalFire_WUI_15km_buffer_envelope,PopupInfo,-1,-1;BUFF_DIST "BUFF_DIST" true true false 8 Double 0 0 ,First,#,Z:\GIS_data\PC292_Wildfire_Risk\PC292_Wildfire_Risk_09April2019\PC292_Wildfire_Risk_09April2019.gdb\PC292_CalFire_WUI_15km_buffer_envelope,BUFF_DIST,-1,-1;ORIG_FID "ORIG_FID" true true false 4 Long 0 0 ,First,#,Z:\GIS_data\PC292_Wildfire_Risk\PC292_Wildfire_Risk_09April2019\PC292_Wildfire_Risk_09April2019.gdb\PC292_CalFire_WUI_15km_buffer_envelope,ORIG_FID,-1,-1;ORIG_FID_1 "ORIG_FID_1" true true false 4 Long 0 0 ,First,#,Z:\GIS_data\PC292_Wildfire_Risk\PC292_Wildfire_Risk_09April2019\PC292_Wildfire_Risk_09April2019.gdb\PC292_CalFire_WUI_15km_buffer_envelope,ORIG_FID_1,-1,-1;Shape_Leng "Shape_Leng" false true true 8 Double 0 0 ,First,#,Z:\GIS_data\PC292_Wildfire_Risk\PC292_Wildfire_Risk_09April2019\PC292_Wildfire_Risk_09April2019.gdb\PC292_CalFire_WUI_15km_buffer_envelope,Shape_Length,-1,-1;Shape_Area "Shape_Area" false true true 8 Double 0 0 ,First,#,Z:\GIS_data\PC292_Wildfire_Risk\PC292_Wildfire_Risk_09April2019\PC292_Wildfire_Risk_09April2019.gdb\PC292_CalFire_WUI_15km_buffer_envelope,Shape_Area,-1,-1" #</Process></lineage></DataProperties><SyncDate>20190411</SyncDate><SyncTime>18104700</SyncTime><ModDate>20190411</ModDate><ModTime>18104700</ModTime></Esri><dataIdInfo><envirDesc Sync="TRUE">Microsoft Windows 7 Version 6.1 (Build 7601) Service Pack 1; Esri ArcGIS 10.5.0.6491</envirDesc><dataLang><languageCode value="eng" Sync="TRUE"></languageCode><countryCode value="USA" Sync="TRUE"></countryCode></dataLang><idCitation><resTitle Sync="TRUE">PC292_CalFire_WUI_15km_buffer_envelope</resTitle><presForm><PresFormCd value="005" Sync="TRUE"></PresFormCd></presForm></idCitation><spatRpType><SpatRepTypCd value="001" Sync="TRUE"></SpatRepTypCd></spatRpType></dataIdInfo><mdLang><languageCode value="eng" Sync="TRUE"></languageCode><countryCode value="USA" Sync="TRUE"></countryCode></mdLang><mdChar><CharSetCd value="004" Sync="TRUE"></CharSetCd></mdChar><distInfo><distFormat><formatName Sync="TRUE">Shapefile</formatName></distFormat><distTranOps><transSize Sync="TRUE">0.000</transSize></distTranOps></distInfo><mdHrLv><ScopeCd value="005" Sync="TRUE"></ScopeCd></mdHrLv><mdHrLvName Sync="TRUE">dataset</mdHrLvName><refSysInfo><RefSystem><refSysID><identCode code="4326" Sync="TRUE"></identCode><idCodeSpace Sync="TRUE">EPSG</idCodeSpace><idVersion Sync="TRUE">6.14(3.0.1)</idVersion></refSysID></RefSystem></refSysInfo><spatRepInfo><VectSpatRep><geometObjs Name="PC292_CalFire_WUI_15km_buffer_envelope"><geoObjTyp><GeoObjTypCd value="002" Sync="TRUE"></GeoObjTypCd></geoObjTyp><geoObjCnt Sync="TRUE">0</geoObjCnt></geometObjs><topLvl><TopoLevCd value="001" Sync="TRUE"></TopoLevCd></topLvl></VectSpatRep></spatRepInfo><spdoinfo><ptvctinf><esriterm Name="PC292_CalFire_WUI_15km_buffer_envelope"><efeatyp Sync="TRUE">Simple</efeatyp><efeageom code="4" Sync="TRUE"></efeageom><esritopo Sync="TRUE">FALSE</esritopo><efeacnt Sync="TRUE">0</efeacnt><spindex Sync="TRUE">FALSE</spindex><linrefer Sync="TRUE">FALSE</linrefer></esriterm></ptvctinf></spdoinfo><eainfo><detailed Name="PC292_CalFire_WUI_15km_buffer_envelope"><enttyp><enttypl Sync="TRUE">PC292_CalFire_WUI_15km_buffer_envelope</enttypl><enttypt Sync="TRUE">Feature Class</enttypt><enttypc Sync="TRUE">0</enttypc></enttyp><attr><attrlabl Sync="TRUE">FID</attrlabl><attalias Sync="TRUE">FID</attalias><attrtype Sync="TRUE">OID</attrtype><attwidth Sync="TRUE">4</attwidth><atprecis Sync="TRUE">0</atprecis><attscale Sync="TRUE">0</attscale><attrdef Sync="TRUE">Internal feature number.</attrdef><attrdefs Sync="TRUE">Esri</attrdefs><attrdomv><udom Sync="TRUE">Sequential unique whole numbers that are automatically generated.</udom></attrdomv></attr><attr><attrlabl Sync="TRUE">Shape</attrlabl><attalias Sync="TRUE">Shape</attalias><attrtype Sync="TRUE">Geometry</attrtype><attwidth Sync="TRUE">0</attwidth><atprecis Sync="TRUE">0</atprecis><attscale Sync="TRUE">0</attscale><attrdef Sync="TRUE">Feature geometry.</attrdef><attrdefs Sync="TRUE">Esri</attrdefs><attrdomv><udom Sync="TRUE">Coordinates defining the features.</udom></attrdomv></attr><attr><attrlabl Sync="TRUE">Name</attrlabl><attalias Sync="TRUE">Name</attalias><attrtype Sync="TRUE">String</attrtype><attwidth Sync="TRUE">254</attwidth><atprecis Sync="TRUE">0</atprecis><attscale Sync="TRUE">0</attscale></attr><attr><attrlabl Sync="TRUE">FolderPath</attrlabl><attalias Sync="TRUE">FolderPath</attalias><attrtype Sync="TRUE">String</attrtype><attwidth Sync="TRUE">254</attwidth><atprecis Sync="TRUE">0</atprecis><attscale Sync="TRUE">0</attscale></attr><attr><attrlabl Sync="TRUE">SymbolID</attrlabl><attalias Sync="TRUE">SymbolID</attalias><attrtype Sync="TRUE">Integer</attrtype><attwidth Sync="TRUE">10</attwidth><atprecis Sync="TRUE">10</atprecis><attscale Sync="TRUE">0</attscale></attr><attr><attrlabl Sync="TRUE">AltMode</attrlabl><attalias Sync="TRUE">AltMode</attalias><attrtype Sync="TRUE">Integer</attrtype><attwidth Sync="TRUE">5</attwidth><atprecis Sync="TRUE">5</atprecis><attscale Sync="TRUE">0</attscale></attr><attr><attrlabl Sync="TRUE">Base</attrlabl><attalias Sync="TRUE">Base</attalias><attrtype Sync="TRUE">Double</attrtype><attwidth Sync="TRUE">19</attwidth><atprecis Sync="TRUE">0</atprecis><attscale Sync="TRUE">0</attscale></attr><attr><attrlabl Sync="TRUE">Clamped</attrlabl><attalias Sync="TRUE">Clamped</attalias><attrtype Sync="TRUE">Integer</attrtype><attwidth Sync="TRUE">5</attwidth><atprecis Sync="TRUE">5</atprecis><attscale Sync="TRUE">0</attscale></attr><attr><attrlabl Sync="TRUE">Extruded</attrlabl><attalias Sync="TRUE">Extruded</attalias><attrtype Sync="TRUE">Integer</attrtype><attwidth Sync="TRUE">5</attwidth><atprecis Sync="TRUE">5</atprecis><attscale Sync="TRUE">0</attscale></attr><attr><attrlabl Sync="TRUE">Snippet</attrlabl><attalias Sync="TRUE">Snippet</attalias><attrtype Sync="TRUE">String</attrtype><attwidth Sync="TRUE">254</attwidth><atprecis Sync="TRUE">0</atprecis><attscale Sync="TRUE">0</attscale></attr><attr><attrlabl Sync="TRUE">PopupInfo</attrlabl><attalias Sync="TRUE">PopupInfo</attalias><attrtype Sync="TRUE">String</attrtype><attwidth Sync="TRUE">254</attwidth><atprecis Sync="TRUE">0</atprecis><attscale Sync="TRUE">0</attscale></attr><attr><attrlabl Sync="TRUE">BUFF_DIST</attrlabl><attalias Sync="TRUE">BUFF_DIST</attalias><attrtype Sync="TRUE">Double</attrtype><attwidth Sync="TRUE">19</attwidth><atprecis Sync="TRUE">0</atprecis><attscale Sync="TRUE">0</attscale></attr><attr><attrlabl Sync="TRUE">ORIG_FID</attrlabl><attalias Sync="TRUE">ORIG_FID</attalias><attrtype Sync="TRUE">Integer</attrtype><attwidth Sync="TRUE">10</attwidth><atprecis Sync="TRUE">10</atprecis><attscale Sync="TRUE">0</attscale></attr><attr><attrlabl Sync="TRUE">ORIG_FID_1</attrlabl><attalias Sync="TRUE">ORIG_FID_1</attalias><attrtype Sync="TRUE">Integer</attrtype><attwidth Sync="TRUE">10</attwidth><atprecis Sync="TRUE">10</atprecis><attscale Sync="TRUE">0</attscale></attr><attr><attrlabl Sync="TRUE">Shape_Leng</attrlabl><attalias Sync="TRUE">Shape_Leng</attalias><attrtype Sync="TRUE">Double</attrtype><attwidth Sync="TRUE">19</attwidth><atprecis Sync="TRUE">0</atprecis><attscale Sync="TRUE">0</attscale></attr><attr><attrlabl Sync="TRUE">Shape_Area</attrlabl><attalias Sync="TRUE">Shape_Area</attalias><attrtype Sync="TRUE">Double</attrtype><attwidth Sync="TRUE">19</attwidth><atprecis Sync="TRUE">0</atprecis><attscale Sync="TRUE">0</attscale><attrdef Sync="TRUE">Area of feature in internal units squared.</attrdef><attrdefs Sync="TRUE">Esri</attrdefs><attrdomv><udom Sync="TRUE">Positive real numbers that are automatically generated.</udom></attrdomv></attr></detailed></eainfo><mdDateSt Sync="TRUE">20190411</mdDateSt></metadata>
